point_x,point_y,avg_year,agbref,nico_mean,nico_median,nico_p90,cci_mean,cci_median,cci_p90,nico_cov,cci_cov,common_cov,nico_mean_common,cci_mean_common
-47.6500,-14.0500,2018,25.6757,23.0913,8.7257,70.3086,20.7140,0.0000,105.0000,1.0000,1.0000,1.0000,23.0124,20.4039
-47.5500,-13.9500,2018,22.4462,23.8059,16.4118,52.7345,26.5943,0.0000,96.0000,1.0000,1.0000,1.0000,23.7422,26.6620
9.8500,-1.9500,2017,268.0428,243.1559,253.6770,296.7474,363.4608,370.0000,494.0000,1.0000,1.0000,1.0000,243.1561,363.6727
10.5500,-0.8500,2017,309.2470,218.2018,242.5975,297.0614,344.6502,374.0000,493.0000,1.0000,1.0000,1.0000,218.1570,343.9158
10.6500,-0.8500,2017,332.4864,265.0616,270.1525,307.3177,376.8216,383.0000,483.0000,1.0000,1.0000,1.0000,265.0634,376.7417
10.4500,-0.7500,2017,249.8389,225.7715,250.5986,299.7026,356.5548,376.0000,494.0000,1.0000,1.0000,1.0000,225.7895,356.4111
10.5500,-0.7500,2017,294.8871,260.3903,266.7296,305.1753,388.0533,393.0000,498.0000,1.0000,1.0000,1.0000,260.3958,388.3474
10.6500,-0.7500,2017,313.8216,266.5393,277.2337,318.1948,387.0019,398.0000,511.0000,1.0000,1.0000,1.0000,266.5896,387.0077
-60.9500,0.2500,2018,145.2221,103.6399,99.1951,161.7898,159.1994,167.0000,191.0000,1.0000,1.0000,1.0000,103.6514,159.2010
-61.0500,1.0500,2018,173.6428,73.8236,74.3740,151.5324,104.7784,151.0000,181.0000,1.0000,1.0000,1.0000,73.8221,105.0400
12.7500,3.1500,2017,314.6718,222.6639,227.1748,289.6487,388.2047,392.0000,479.0000,1.0000,1.0000,1.0000,222.6795,388.2427
12.8500,3.1500,2017,280.9402,232.6914,239.3607,296.3888,383.4351,386.0000,478.0000,1.0000,1.0000,1.0000,232.6799,383.5566
12.8500,3.2500,2017,262.0237,220.1199,223.7943,287.9365,400.4486,404.0000,497.0000,1.0000,1.0000,1.0000,220.1155,400.4186
12.7500,3.3500,2017,334.4038,215.2600,223.0104,287.6866,386.8325,396.0000,495.0000,1.0000,1.0000,1.0000,215.2922,386.6935
11.4500,3.4500,2017,278.7606,157.7581,162.7682,262.5168,285.5293,293.0000,417.0000,1.0000,1.0000,1.0000,157.6953,285.7525
12.8500,3.5500,2017,322.3747,219.6483,230.0173,293.3879,366.6017,375.0000,492.0000,1.0000,1.0000,1.0000,219.6736,366.2195
-77.0500,3.9500,2017,53.8973,133.9302,136.3916,216.1787,181.2353,206.0000,253.0000,1.0000,1.0000,1.0000,133.9042,181.4965
-76.9500,3.9500,2017,54.0842,128.4619,123.4204,208.0703,221.2248,224.0000,274.0000,1.0000,1.0000,1.0000,128.4688,221.2205
11.4500,3.9500,2017,95.8638,126.7106,109.8642,257.0634,191.3161,182.0000,348.0000,1.0000,1.0000,1.0000,126.6591,191.9071
11.5500,3.9500,2017,55.4873,41.5822,23.7564,97.5188,62.2628,33.0000,176.0000,1.0000,1.0000,1.0000,41.6302,62.3619
12.3500,3.9500,2017,340.0514,130.4237,147.8389,256.0121,215.1535,256.0000,421.0000,1.0000,1.0000,1.0000,130.5843,214.5979
12.4500,3.9500,2017,321.8373,179.0338,192.5791,286.0944,331.5243,353.0000,484.0000,1.0000,1.0000,1.0000,178.9552,332.0541
-77.0500,4.0500,2017,141.5834,178.4716,182.4805,256.5104,230.1415,236.0000,278.0000,1.0000,1.0000,1.0000,178.5145,230.1144
-76.9500,4.0500,2017,119.5694,181.6749,188.7987,243.9081,237.8652,242.0000,289.0000,1.0000,1.0000,1.0000,181.6551,237.6298
11.5500,4.0500,2017,67.9819,85.8090,51.8066,207.0856,127.6078,103.0000,269.0000,1.0000,1.0000,1.0000,85.9078,127.4235
-58.9500,4.1500,2019,208.9400,225.7980,233.5541,293.0760,302.5468,303.0000,396.0000,1.0000,1.0000,1.0000,225.8457,302.6569
11.5500,4.1500,2017,88.1702,109.7360,84.0915,246.2773,157.3506,139.0000,343.0000,1.0000,1.0000,1.0000,109.7760,157.1002
11.5500,4.2500,2017,82.1555,85.2495,45.7001,212.1132,130.7582,87.0000,325.0000,1.0000,1.0000,1.0000,85.3411,130.5678
11.6500,4.2500,2017,54.9818,60.9318,21.8563,184.6977,94.2353,33.0000,283.0000,1.0000,1.0000,1.0000,61.0059,93.5448
11.5500,4.3500,2017,69.3202,132.6296,130.6035,261.8547,191.7250,193.0000,359.0000,1.0000,1.0000,1.0000,132.5850,191.8718
11.6500,4.3500,2017,52.8079,65.1538,22.3253,194.9421,99.3127,46.0000,290.0000,1.0000,1.0000,1.0000,65.2427,99.4099
11.7500,4.3500,2017,89.6434,109.9604,86.6028,249.1622,160.4397,157.0000,315.0000,1.0000,1.0000,1.0000,109.7342,160.2235
11.5500,4.4500,2017,65.3554,93.0071,55.6499,227.8114,155.7409,127.0000,360.0000,1.0000,1.0000,1.0000,92.9699,155.9017
11.6500,4.4500,2017,89.0576,74.4003,23.8090,209.8371,123.4741,78.0000,313.0000,1.0000,1.0000,1.0000,74.3747,123.5836
11.7500,4.4500,2017,79.4445,76.4065,25.4406,211.4189,113.0014,84.0000,267.3000,1.0000,1.0000,1.0000,76.2793,113.0749
11.8500,4.4500,2017,69.3214,63.4126,19.4894,197.2454,102.5099,60.0000,268.0000,1.0000,1.0000,1.0000,63.3941,102.4532
75.6500,12.5500,2017,318.9081,177.2630,180.4339,271.4393,159.0719,174.0000,238.0000,1.0000,1.0000,1.0000,177.1942,159.2233
101.3500,14.3500,2017,282.5259,180.9958,186.4077,278.5740,185.0761,203.0000,257.0000,1.0000,1.0000,1.0000,180.7551,185.0066
101.4500,14.3500,2017,349.6949,183.5143,180.6649,260.9243,218.4271,221.0000,268.0000,1.0000,1.0000,1.0000,183.5588,218.1455
101.3500,14.4500,2017,272.8852,195.3523,202.6917,278.3183,193.1587,200.0000,253.0000,1.0000,1.0000,1.0000,195.5234,193.1890
101.4500,14.4500,2017,315.8151,170.8522,174.2854,261.8224,184.3733,190.0000,259.0000,1.0000,1.0000,1.0000,170.2817,184.3843
74.5500,14.8500,2017,206.8065,121.8860,118.2067,194.8106,100.9620,101.0000,174.0000,1.0000,1.0000,1.0000,121.9016,100.9720
74.6500,14.8500,2017,178.7281,139.5720,135.1997,226.4464,88.7011,87.0000,149.2000,1.0000,1.0000,1.0000,139.5670,88.6932
74.7500,14.8500,2017,254.1848,137.9936,134.3818,227.0743,82.6456,80.0000,147.0000,1.0000,1.0000,1.0000,137.9642,82.5541
74.5500,14.9500,2017,224.3975,143.3906,144.1714,226.8492,94.9957,91.0000,177.0000,1.0000,1.0000,1.0000,143.3661,95.2157
74.6500,14.9500,2017,180.5715,106.5817,98.7886,186.5178,82.1726,78.0000,151.0000,1.0000,1.0000,1.0000,106.5799,82.2274
74.7500,14.9500,2017,104.2133,94.6278,98.9845,146.6161,77.7373,79.0000,146.0000,1.0000,1.0000,1.0000,94.6110,77.5112
74.5500,15.0500,2017,255.4440,139.0344,133.5659,216.9081,102.2854,96.0000,196.0000,1.0000,1.0000,1.0000,139.0052,102.3309
74.6500,15.0500,2017,204.3356,112.2636,110.2243,179.8934,83.8591,69.0000,185.0000,1.0000,1.0000,1.0000,112.2479,84.0620
74.7500,15.0500,2017,198.4469,74.0242,71.4103,117.9473,57.9550,43.0000,132.0000,1.0000,1.0000,1.0000,74.0019,57.7146
74.8500,15.0500,2017,123.8784,44.8666,47.1729,73.6639,29.8124,21.0000,75.0000,1.0000,1.0000,1.0000,44.8672,29.5345
74.6500,15.1500,2017,144.8642,81.5346,77.6696,133.1330,75.4915,71.0000,140.0000,1.0000,1.0000,1.0000,81.5370,75.4480
74.7500,15.1500,2017,105.4883,50.9133,54.6433,80.8569,29.2984,29.0000,50.0000,1.0000,1.0000,1.0000,50.9074,29.3512
-66.9500,17.9500,2018,0.4504,4.7113,2.6875,9.5559,10.9170,0.0000,40.0000,1.0000,1.0000,1.0000,4.6833,10.9619
-66.8500,17.9500,2018,2.5451,6.6951,3.0464,14.7742,19.4027,0.0000,64.0000,1.0000,1.0000,1.0000,6.6707,19.2562
-66.7500,17.9500,2018,0.0786,3.2311,2.7917,4.6780,2.0082,0.0000,0.0000,1.0000,1.0000,1.0000,3.2918,2.0246
-67.1500,18.0500,2018,15.1324,14.3934,4.4010,40.9151,21.4604,0.0000,72.0000,1.0000,1.0000,1.0000,14.5306,21.5132
-67.0500,18.0500,2018,10.1827,19.3538,3.6837,63.1356,27.8272,2.0000,88.0000,1.0000,1.0000,1.0000,19.2914,27.6174
-66.9500,18.0500,2018,1.3372,17.3759,4.4043,54.6919,32.7498,20.0000,88.0000,1.0000,1.0000,1.0000,17.4860,32.9163
-66.8500,18.0500,2018,10.2889,39.4840,19.5392,108.6703,54.4467,52.0000,114.0000,1.0000,1.0000,1.0000,39.8500,54.4175
-66.7500,18.0500,2018,1.7228,61.4578,30.8873,179.5998,64.6803,62.0000,126.0000,1.0000,1.0000,1.0000,61.8017,64.8715
-67.1500,18.1500,2018,1.2535,22.1300,6.9402,69.3217,30.9442,0.0000,110.0000,1.0000,1.0000,1.0000,22.1960,30.9088
-67.0500,18.1500,2018,7.2437,115.3765,113.0202,224.6664,102.5628,113.0000,147.0000,1.0000,1.0000,1.0000,114.7943,102.4637
77.3500,21.8500,2017,11.7123,41.3656,39.9165,74.1324,22.7873,12.0000,62.0000,1.0000,1.0000,1.0000,41.3312,22.7698
77.4500,21.8500,2017,23.0072,51.0226,51.3821,85.8403,26.9131,21.0000,63.0000,1.0000,1.0000,1.0000,50.7884,26.7120
77.3500,21.9500,2017,5.0548,33.6566,27.3290,67.3828,12.9527,0.0000,45.0000,1.0000,1.0000,1.0000,33.6654,12.8250
77.4500,21.9500,2017,11.4360,47.9531,48.5163,76.9444,25.0508,17.0000,63.0000,1.0000,1.0000,1.0000,47.8295,24.9341
78.1500,22.5500,2019,15.6174,60.0051,61.1946,102.3197,26.6425,15.0000,71.0000,1.0000,1.0000,1.0000,59.9239,26.6546
81.6500,22.5500,2017,135.2989,100.0752,100.3186,155.4512,76.0961,75.0000,138.0000,1.0000,1.0000,1.0000,99.9939,76.2494
81.7500,22.5500,2017,143.9988,87.8566,84.4317,123.5402,61.3354,58.0000,101.0000,1.0000,1.0000,1.0000,87.8961,61.4686
81.6500,22.6500,2017,133.8138,83.3704,80.3550,152.4617,58.6242,52.0000,130.0000,1.0000,1.0000,1.0000,83.2827,59.0484
81.7500,22.6500,2017,100.7559,72.8386,68.3736,126.9438,47.9475,35.0000,116.0000,1.0000,1.0000,1.0000,72.8170,48.1538
79.1500,23.1500,2019,12.3511,47.3586,46.8521,71.6027,9.8026,9.0000,23.0000,1.0000,1.0000,1.0000,47.1281,9.8069
81.0500,23.6500,2018,33.5393,49.7051,47.9574,78.0042,19.5878,14.0000,49.0000,1.0000,1.0000,1.0000,49.7046,19.5058
80.0500,24.6500,2018,6.9943,27.9542,26.3336,47.7479,14.2205,10.0000,38.0000,1.0000,1.0000,1.0000,27.9179,14.2122
85.9500,27.2500,2022,134.3421,164.4060,177.5834,268.0216,70.6946,71.0000,132.0000,1.0000,1.0000,1.0000,164.4062,70.9799
86.1500,27.3500,2022,76.3899,113.9689,102.7277,199.3705,22.6887,15.0000,60.0000,1.0000,1.0000,1.0000,113.9390,22.8087
85.5500,27.5500,2022,135.2083,139.5137,138.3538,242.5696,50.8991,50.0000,95.0000,1.0000,1.0000,1.0000,139.5789,50.7427
85.5500,27.6500,2022,115.5459,109.1158,98.7361,199.4493,45.6636,39.0000,100.0000,1.0000,1.0000,1.0000,109.0915,45.3889
85.7500,27.6500,2022,64.7473,127.3837,118.7446,222.8263,41.8913,36.0000,91.0000,1.0000,1.0000,1.0000,127.5110,41.9409
85.9500,27.6500,2022,119.8621,143.6112,137.5354,249.1024,44.9772,40.0000,92.0000,1.0000,1.0000,1.0000,143.7999,44.9853
86.0500,27.6500,2022,52.2787,122.0683,107.2749,229.7511,30.5994,22.0000,74.0000,1.0000,1.0000,1.0000,122.0727,30.6004
84.6500,27.7500,2022,189.0775,180.2318,183.2885,273.2488,81.2102,78.0000,142.0000,1.0000,1.0000,1.0000,180.5042,81.5749
84.8500,27.7500,2022,167.5552,155.2674,153.3627,258.8259,63.0887,48.0000,159.0000,1.0000,1.0000,1.0000,155.3608,63.3237
85.7500,27.7500,2022,54.0204,125.0975,115.2715,218.9459,41.7264,38.0000,81.0000,1.0000,1.0000,1.0000,125.0014,41.7351
85.9500,27.7500,2022,98.3528,154.7241,149.6261,269.8961,43.9414,37.0000,93.0000,1.0000,1.0000,1.0000,154.5363,43.9194
83.8500,27.8500,2022,218.5153,101.2207,86.6252,203.4197,60.6767,39.5000,171.0000,1.0000,1.0000,1.0000,101.7716,61.6646
83.7500,27.9500,2022,163.6774,116.6511,111.4893,201.5079,57.5600,45.0000,139.0000,1.0000,1.0000,1.0000,116.3308,57.6874
84.6500,27.9500,2022,72.5941,114.0518,103.0330,202.6169,45.4044,28.0000,132.9000,1.0000,1.0000,1.0000,114.4054,45.4331
-81.4500,28.0500,2019,27.1977,35.0735,14.0531,99.7150,49.0666,24.0000,150.0000,1.0000,1.0000,1.0000,35.0010,49.4707
84.2500,28.2500,2022,118.9097,185.1481,190.5627,296.7076,78.4808,74.0000,136.0000,1.0000,1.0000,1.0000,184.5853,78.2570
84.3500,28.2500,2022,119.0700,163.1788,167.6478,275.2774,59.3155,53.0000,114.0000,1.0000,1.0000,1.0000,164.0490,59.6317
84.5500,28.2500,2022,83.8572,183.6883,187.7891,286.0533,74.4924,79.0000,123.0000,1.0000,1.0000,1.0000,183.6184,74.1499
83.5500,28.3500,2022,95.9559,128.0005,118.7108,230.5788,47.1962,39.0000,102.0000,1.0000,1.0000,1.0000,128.8667,46.8811
83.3500,28.4500,2022,42.9420,164.6539,165.2138,272.1487,47.3080,36.0000,107.0000,1.0000,1.0000,1.0000,164.9313,47.3421
-82.0500,29.5500,2019,35.3107,66.1293,49.1390,154.8497,66.5873,57.0000,159.0000,1.0000,1.0000,1.0000,66.1383,66.1576
-84.5500,31.1500,2019,6.0202,22.0502,8.6963,63.3342,19.9183,0.0000,82.0000,1.0000,1.0000,1.0000,22.1635,20.1107
-84.3500,31.1500,2018,16.3127,38.5148,13.5678,111.1026,28.1412,0.0000,100.0000,1.0000,1.0000,1.0000,38.5274,28.3655
-84.5500,31.2500,2019,19.1766,28.5521,12.2156,83.1790,30.8534,0.0000,112.0000,1.0000,1.0000,1.0000,28.5288,30.9592
-84.3500,31.2500,2019,19.1053,40.5386,17.5001,112.1912,25.9821,0.0000,89.0000,1.0000,1.0000,1.0000,40.0887,25.6796
-110.9500,31.7500,2017,0.1221,16.1787,5.3031,43.6829,7.0711,4.0000,19.0000,1.0000,1.0000,1.0000,16.1780,7.0053
-110.8500,31.7500,2018,6.7423,44.8586,30.0523,108.7483,18.7256,15.0000,44.2000,1.0000,1.0000,1.0000,44.9081,18.7177
-110.7500,31.7500,2018,0.1634,17.3557,13.8164,35.6947,4.2613,1.0000,12.0000,1.0000,1.0000,1.0000,17.3581,4.2828
-110.9500,31.8500,2017,0.1619,10.1315,7.2062,21.7380,2.1347,0.0000,7.0000,1.0000,1.0000,1.0000,10.1324,2.1226
-110.8500,31.8500,2017,0.0000,5.2838,5.0906,8.2172,0.5662,0.0000,1.0000,1.0000,1.0000,1.0000,5.2826,0.5402
-110.7500,31.8500,2019,0.0104,17.8444,14.5182,32.5562,11.4160,7.0000,31.0000,1.0000,1.0000,1.0000,17.8185,11.4728
-88.1500,31.8500,2018,97.9586,126.7304,110.6568,260.8864,124.4742,130.0000,212.0000,1.0000,1.0000,1.0000,126.7724,124.7124
-110.9500,31.9500,2018,0.2995,11.6840,9.3504,22.2436,2.6785,0.0000,8.0000,1.0000,1.0000,1.0000,11.6819,2.6799
-110.8500,31.9500,2018,0.0000,4.6176,4.4178,8.8943,1.0133,0.0000,4.0000,1.0000,1.0000,1.0000,4.6159,0.9973
-110.7500,31.9500,2018,0.0000,6.9668,4.1680,17.7213,6.4419,2.0000,21.0000,1.0000,1.0000,1.0000,6.9670,6.3946
-108.5500,32.5500,2020,0.0132,13.1318,10.3733,25.7660,1.8335,0.0000,5.0000,1.0000,1.0000,1.0000,13.0909,1.8327
-108.4500,32.5500,2020,4.7712,23.7619,17.6765,45.7236,14.1989,6.0000,46.0000,1.0000,1.0000,1.0000,23.7330,14.0446
-108.5500,32.6500,2020,3.3645,19.5137,16.5118,35.5822,7.5205,4.0000,20.0000,1.0000,1.0000,1.0000,19.4348,7.4533
-108.4500,32.6500,2020,7.9605,27.9791,23.7481,50.7127,12.1538,6.0000,33.0000,1.0000,1.0000,1.0000,27.9101,12.2006
-108.5500,32.7500,2020,1.9206,27.7853,23.5860,48.0393,6.7871,4.0000,17.0000,1.0000,1.0000,1.0000,27.9460,6.8440
-108.4500,32.7500,2020,0.0393,14.3198,11.9303,25.8289,1.9986,0.0000,6.0000,1.0000,1.0000,1.0000,14.4550,1.9853
-108.7500,34.0500,2020,7.5843,38.8736,35.7098,75.5320,15.9834,11.0000,39.0000,1.0000,1.0000,1.0000,38.9865,16.0601
-108.6500,34.0500,2020,22.2374,55.3542,51.9813,92.9777,33.4014,25.0000,77.0000,1.0000,1.0000,1.0000,55.1176,33.3930
-108.5500,34.0500,2020,30.9168,57.8133,55.9538,96.8954,32.1905,26.0000,72.0000,1.0000,1.0000,1.0000,57.5399,31.7387
-108.4500,34.0500,2020,31.2605,67.3718,66.3400,125.0894,25.9932,23.0000,54.0000,1.0000,1.0000,1.0000,67.1734,26.2215
-108.7500,34.1500,2020,0.3725,7.2158,4.0781,18.2908,1.2763,0.0000,4.0000,1.0000,1.0000,1.0000,7.2838,1.3592
-108.6500,34.1500,2020,3.0708,14.3707,7.3393,34.5794,4.2041,0.0000,10.0000,1.0000,1.0000,1.0000,14.4957,4.3464
-108.5500,34.1500,2020,11.7015,34.8511,32.2590,63.1468,19.6470,15.0000,42.0000,1.0000,1.0000,1.0000,34.8427,19.5994
-108.4500,34.1500,2020,18.8022,46.6957,44.2178,81.8415,25.1147,24.0000,52.0000,1.0000,1.0000,1.0000,46.6108,25.3073
-108.7500,34.2500,2020,0.0000,5.5755,3.8977,11.8686,0.4553,0.0000,1.0000,1.0000,1.0000,1.0000,5.5478,0.4658
-108.6500,34.2500,2020,0.0005,5.6777,4.6841,10.6855,0.5507,0.0000,2.0000,1.0000,1.0000,1.0000,5.7335,0.5691
-108.5500,34.2500,2020,0.0637,16.0629,12.0402,34.8946,9.0726,6.0000,26.0000,1.0000,1.0000,1.0000,16.1819,9.0888
-108.4500,34.2500,2020,1.4488,18.4469,13.4658,40.9927,11.6340,10.0000,30.0000,1.0000,1.0000,1.0000,18.7590,11.7183
-108.7500,34.3500,2020,0.0000,7.8984,5.4653,17.2441,1.1203,0.0000,4.0000,1.0000,1.0000,1.0000,7.8681,1.1078
-108.6500,34.3500,2020,0.0255,12.1265,9.0000,24.2988,4.2420,2.0000,10.0000,1.0000,1.0000,1.0000,12.0296,4.2301
-108.5500,34.3500,2020,0.0023,10.8803,5.8153,26.6672,5.2153,0.0000,18.0000,1.0000,1.0000,1.0000,10.8513,5.2182
-108.4500,34.3500,2020,0.0002,8.3546,5.1304,19.5357,1.8520,0.0000,8.0000,1.0000,1.0000,1.0000,8.3409,1.8835
-111.5500,34.5500,2020,11.1950,36.3440,12.7593,110.4096,11.0092,4.0000,31.0000,1.0000,1.0000,1.0000,36.3332,11.0568
-111.4500,34.5500,2020,37.1339,99.7909,94.5100,186.9481,35.0612,28.0000,76.0000,1.0000,1.0000,1.0000,99.7596,35.0650
-112.8500,34.6500,2020,10.8447,21.4665,16.2260,40.8426,19.5426,18.0000,35.0000,1.0000,1.0000,1.0000,21.3944,19.4303
-112.7500,34.6500,2020,2.0350,12.7088,11.3758,19.2705,15.0822,13.0000,28.0000,1.0000,1.0000,1.0000,12.7411,15.1144
-112.6500,34.6500,2020,0.2295,12.9210,12.0053,18.9388,5.9014,5.0000,13.0000,1.0000,1.0000,1.0000,12.9286,5.9648
-111.5500,34.6500,2020,4.2383,18.1119,9.4677,29.0633,5.5234,2.0000,15.0000,1.0000,1.0000,1.0000,18.1095,5.5499
-111.4500,34.6500,2020,34.0878,62.8469,59.9144,115.8588,21.0239,18.0000,42.0000,1.0000,1.0000,1.0000,62.7081,21.0867
-112.8500,34.7500,2020,9.4145,18.8940,15.2618,34.4525,16.4313,15.0000,34.0000,1.0000,1.0000,1.0000,18.8824,16.3421
-112.7500,34.7500,2020,4.2323,14.2174,12.4358,23.1843,20.4652,21.0000,37.0000,1.0000,1.0000,1.0000,14.1989,20.3914
-112.6500,34.7500,2020,0.2467,8.6225,7.3762,15.3853,1.9278,0.0000,8.0000,1.0000,1.0000,1.0000,8.7227,1.9300
-112.8500,34.8500,2020,7.3830,22.9782,17.9046,39.4403,16.8928,14.0000,33.0000,1.0000,1.0000,1.0000,23.0603,16.8805
-112.7500,34.8500,2020,0.6722,13.1079,12.1027,19.5562,8.2368,7.0000,20.0000,1.0000,1.0000,1.0000,13.1197,8.2162
-112.6500,34.8500,2020,0.0000,5.8055,4.6998,11.0827,0.1827,0.0000,0.0000,1.0000,1.0000,1.0000,5.8426,0.2064
-108.1500,34.9500,2020,0.3854,20.7352,16.8734,42.6903,8.5386,7.0000,18.0000,1.0000,1.0000,1.0000,20.8151,8.7804
-108.0500,34.9500,2020,1.6287,28.6964,25.8532,50.9139,23.7053,22.0000,44.0000,1.0000,1.0000,1.0000,28.6362,23.5278
-107.9500,34.9500,2020,0.2653,17.5407,14.5716,34.6750,16.1757,14.0000,36.0000,1.0000,1.0000,1.0000,17.6107,16.2455
-108.1500,35.0500,2020,7.4230,55.9069,50.7873,103.4168,20.9213,17.0000,45.0000,1.0000,1.0000,1.0000,55.8237,20.7388
-108.0500,35.0500,2020,3.5998,47.1828,45.1244,75.8790,14.3354,13.0000,25.0000,1.0000,1.0000,1.0000,47.2335,14.4475
-107.9500,35.0500,2020,1.9688,33.4278,30.9762,59.0600,13.0614,11.0000,28.0000,1.0000,1.0000,1.0000,33.2282,12.9306
-108.0500,35.1500,2020,5.1972,49.8228,42.0310,98.3174,21.4377,21.0000,39.0000,1.0000,1.0000,1.0000,49.6412,21.3578
-107.9500,35.1500,2020,0.2305,18.9243,13.9589,39.2572,11.3387,9.0000,28.0000,1.0000,1.0000,1.0000,18.8450,11.2579
-111.5500,35.2500,2020,9.1590,41.7735,34.2815,85.4084,4.1870,2.0000,10.0000,1.0000,1.0000,1.0000,41.9069,4.2515
-111.4500,35.2500,2020,2.6002,26.2262,13.7609,73.0893,2.1071,1.0000,5.0000,1.0000,1.0000,1.0000,26.1871,2.1299
-111.3500,35.2500,2020,0.0092,6.3135,4.6957,13.1402,0.3690,0.0000,1.0000,1.0000,1.0000,1.0000,6.3447,0.3601
-111.5500,35.3500,2020,9.1503,41.1270,35.3784,86.0749,5.0439,3.0000,11.0000,1.0000,1.0000,1.0000,41.1976,5.1009
-111.4500,35.3500,2020,2.9326,42.2166,37.8483,79.6652,2.0406,1.0000,5.0000,1.0000,1.0000,1.0000,42.1466,2.0448
-111.3500,35.3500,2020,0.0250,8.2426,5.8137,17.6151,0.2284,0.0000,1.0000,1.0000,1.0000,1.0000,8.2587,0.2300
-111.5500,35.4500,2020,1.5230,14.8045,5.3920,48.8656,1.4991,0.0000,5.0000,1.0000,1.0000,1.0000,14.8306,1.5304
135.8500,35.5500,2020,18.0263,99.6757,111.1179,198.0546,65.7040,38.0000,187.0000,1.0000,1.0000,1.0000,99.2940,65.6639
-83.5500,35.6500,2017,227.7778,202.4470,200.6652,299.0872,192.3204,190.0000,282.0000,1.0000,1.0000,1.0000,201.8258,192.5830
-83.4500,35.6500,2017,178.6360,202.0724,205.2701,274.1828,249.2850,261.0000,324.0000,1.0000,1.0000,1.0000,201.7646,248.0768
-83.3500,35.6500,2017,180.7392,224.3631,222.7027,298.9836,246.2216,255.0000,322.0000,1.0000,1.0000,1.0000,224.8057,245.2077
-83.2500,35.6500,2017,131.7350,228.3315,225.8259,292.3819,252.4835,258.0000,324.0000,1.0000,1.0000,1.0000,228.2519,251.7483
-112.0500,35.7500,2020,0.0000,7.5554,7.1133,12.4620,1.4825,0.0000,4.0000,1.0000,1.0000,1.0000,7.5236,1.4865
-83.2500,35.7500,2017,132.0947,190.6909,188.5249,270.2513,223.3883,234.0000,304.0000,1.0000,1.0000,1.0000,191.2291,223.3443
-112.2500,35.8500,2020,0.0000,4.7352,3.9651,9.9370,1.9022,0.0000,7.0000,1.0000,1.0000,1.0000,4.7305,1.9211
-112.1500,35.8500,2020,0.0548,14.4112,10.6373,28.9996,10.3087,7.0000,26.0000,1.0000,1.0000,1.0000,14.4149,10.3242
-112.0500,35.8500,2020,2.9637,25.4925,16.8455,56.7402,11.4684,7.0000,29.0000,1.0000,1.0000,1.0000,25.4972,11.4013
-112.2500,35.9500,2020,0.2065,11.9579,9.1789,23.5767,12.2846,8.0000,33.0000,1.0000,1.0000,1.0000,12.0173,12.3744
-112.1500,35.9500,2020,4.2261,41.1747,34.9236,77.4248,12.0829,8.0000,30.0000,1.0000,1.0000,1.0000,41.1355,12.1246
-112.0500,35.9500,2020,12.9802,62.1911,58.5722,94.3245,20.5591,18.0000,38.0000,1.0000,1.0000,1.0000,62.2879,20.5288
-106.2500,36.2500,2020,0.1519,17.0224,11.5314,37.7560,9.4511,1.0000,30.0000,1.0000,1.0000,1.0000,16.9758,9.5132
-106.1500,36.2500,2020,0.0273,8.2584,5.8993,17.8528,0.6759,0.0000,2.0000,1.0000,1.0000,1.0000,8.2936,0.6761
-106.2500,36.3500,2020,12.0314,37.3170,26.7134,84.7272,19.7706,13.0000,50.0000,1.0000,1.0000,1.0000,37.5799,19.8500
-106.1500,36.3500,2020,5.1493,20.5842,13.9042,49.0218,9.2963,4.0000,33.0000,1.0000,1.0000,1.0000,20.5957,9.4430
-107.7500,36.8500,2020,0.0117,17.6278,13.5436,34.6740,4.7050,4.0000,11.0000,1.0000,1.0000,1.0000,17.6290,4.7034
-107.6500,36.8500,2020,0.2750,18.1410,12.3599,40.6578,6.3674,6.0000,14.0000,1.0000,1.0000,1.0000,17.9978,6.3640
-119.3500,36.9500,2018,37.7390,49.1138,46.2820,83.2529,27.9550,17.0000,76.0000,1.0000,1.0000,1.0000,49.4472,28.1349
-119.2500,36.9500,2019,70.8373,68.9142,61.7744,114.8720,53.8017,58.0000,99.0000,1.0000,1.0000,1.0000,68.6598,54.1534
-119.0500,36.9500,2018,195.8857,153.7517,138.0462,283.4232,90.2177,84.0000,158.0000,1.0000,1.0000,1.0000,153.1709,90.3190
-118.9500,36.9500,2019,111.3870,156.5692,142.2367,289.1155,91.7197,84.0000,175.0000,1.0000,1.0000,1.0000,155.2552,91.6734
-107.7500,36.9500,2020,0.5865,24.4297,21.4886,42.8195,11.6681,11.0000,20.0000,1.0000,1.0000,1.0000,24.3754,11.7304
-107.6500,36.9500,2020,2.6139,25.4685,23.6697,41.3572,16.4097,16.0000,28.0000,1.0000,1.0000,1.0000,25.3594,16.2987
-119.3500,37.0500,2019,141.3915,94.5426,81.5224,171.2583,60.4129,53.0000,113.0000,1.0000,1.0000,1.0000,94.5915,60.2663
-119.2500,37.0500,2019,172.9804,121.8846,102.4198,235.7938,80.4899,75.0000,141.0000,1.0000,1.0000,1.0000,121.9848,80.3474
-119.1500,37.0500,2019,159.3454,160.0309,148.7824,286.2136,111.5777,113.0000,193.0000,1.0000,1.0000,1.0000,159.4550,110.8184
-119.0500,37.0500,2018,108.2356,143.3903,127.6045,275.6514,70.2589,66.0000,144.0000,1.0000,1.0000,1.0000,143.6341,70.8318
-118.9500,37.0500,2018,67.6487,122.9196,105.6058,246.1586,58.4452,42.0000,150.0000,1.0000,1.0000,1.0000,122.5848,58.2268
-112.2500,37.0500,2020,0.0000,13.4083,8.7208,28.4474,4.1413,0.0000,14.0000,1.0000,1.0000,1.0000,13.4016,4.1759
-112.1500,37.0500,2020,0.0008,9.3758,7.3788,19.0528,7.7003,4.0000,23.0000,1.0000,1.0000,1.0000,9.3773,7.6994
-112.0500,37.0500,2020,0.0000,18.3313,12.7767,37.2149,10.9292,10.0000,24.0000,1.0000,1.0000,1.0000,18.3072,10.9588
-107.7500,37.0500,2020,2.4400,18.0147,15.7903,34.8706,9.2488,9.0000,21.0000,1.0000,1.0000,1.0000,18.1912,9.3015
-107.6500,37.0500,2020,1.7903,15.7218,12.0570,34.5266,7.0141,6.0000,18.0000,1.0000,1.0000,1.0000,15.8125,7.0551
-119.2500,37.1500,2019,181.4034,126.1002,113.1982,237.5468,72.5667,61.0000,156.0000,1.0000,1.0000,1.0000,125.6089,72.5511
-119.1500,37.1500,2019,79.1183,116.7590,100.5798,217.6795,76.4860,70.0000,155.0000,1.0000,1.0000,1.0000,116.2191,75.7346
-119.0500,37.1500,2018,34.7608,101.7116,92.5005,182.4026,49.5761,42.0000,117.0000,1.0000,1.0000,1.0000,101.6910,50.1268
-118.9500,37.1500,2018,26.9224,117.3514,109.6738,214.7043,68.7409,67.0000,148.0000,1.0000,1.0000,1.0000,116.9541,68.7304
-112.2500,37.1500,2020,0.0363,25.0052,18.9320,46.1838,5.6910,1.0000,17.0000,1.0000,1.0000,1.0000,24.9105,5.6667
-112.1500,37.1500,2020,0.0777,16.7670,9.5939,36.4187,5.5478,1.0000,17.0000,1.0000,1.0000,1.0000,16.7470,5.5378
-112.0500,37.1500,2020,0.0000,7.0860,4.0386,12.7138,2.3274,0.0000,9.0000,1.0000,1.0000,1.0000,7.1008,2.3337
-80.5500,37.4500,2018,183.3184,191.8117,192.8387,271.0522,186.5643,196.0000,252.0000,1.0000,1.0000,1.0000,191.7253,186.7719
-80.4500,37.4500,2018,163.6580,186.0917,187.1772,276.6505,162.9781,176.0000,232.0000,1.0000,1.0000,1.0000,186.0353,163.0564
-114.0500,37.7500,2020,0.1718,9.2459,7.8807,17.3937,1.7306,0.0000,7.0000,1.0000,1.0000,1.0000,9.3590,1.8322
-113.9500,37.7500,2020,0.0504,5.5639,3.1590,14.0971,2.6018,0.0000,11.0000,1.0000,1.0000,1.0000,5.6814,2.5688
-108.5500,37.7500,2020,24.9161,32.9647,27.0953,63.5904,19.3659,10.0000,55.0000,1.0000,1.0000,1.0000,33.2367,19.5018
-114.0500,37.8500,2020,5.3766,20.0062,17.7758,35.3317,11.3435,11.0000,21.0000,1.0000,1.0000,1.0000,20.2376,11.4685
-113.9500,37.8500,2020,7.5233,22.5239,20.5284,45.5120,12.7141,14.0000,24.0000,1.0000,1.0000,1.0000,22.1704,12.5804
-108.6500,37.8500,2020,12.8808,37.7168,28.0275,80.2303,19.2694,19.0000,35.0000,1.0000,1.0000,1.0000,37.8091,19.1725
-108.5500,37.8500,2020,2.8764,24.3998,19.0865,50.9488,12.4384,8.0000,33.0000,1.0000,1.0000,1.0000,24.5830,12.4633
-108.4500,37.8500,2020,18.2960,57.5994,48.5715,109.7542,30.1549,23.0000,75.0000,1.0000,1.0000,1.0000,57.3446,30.0029
-114.0500,37.9500,2020,24.7667,31.3081,29.2391,50.0533,13.8744,14.0000,23.0000,1.0000,1.0000,1.0000,31.0395,13.6801
-113.9500,37.9500,2020,12.6386,23.5353,24.2940,47.0707,10.5459,13.0000,22.0000,1.0000,1.0000,1.0000,23.5636,10.5282
-108.6500,37.9500,2020,0.1108,9.2876,3.4804,25.4893,4.0811,0.0000,17.0000,1.0000,1.0000,1.0000,9.5849,4.2779
-108.5500,37.9500,2020,3.7922,25.6539,20.6829,54.1374,11.1688,5.0000,30.0000,1.0000,1.0000,1.0000,25.7022,11.1913
-108.4500,37.9500,2020,15.1161,34.7306,28.0128,65.6227,19.0423,10.0000,60.0000,1.0000,1.0000,1.0000,34.5721,18.8294
-114.0500,38.0500,2020,9.6206,29.4655,28.2851,47.6076,11.3596,12.0000,20.0000,1.0000,1.0000,1.0000,29.1184,11.1852
-113.9500,38.0500,2020,0.3385,5.2788,1.5754,19.0540,1.0805,0.0000,6.0000,1.0000,1.0000,1.0000,5.6402,1.1574
-114.0500,38.1500,2020,9.9481,21.0351,20.1277,39.7790,8.9400,10.0000,19.0000,1.0000,1.0000,1.0000,20.9200,8.9322
-113.9500,38.1500,2020,0.5378,9.4730,3.6971,27.9233,2.9322,0.0000,11.0000,1.0000,1.0000,1.0000,9.7223,2.9986
-109.4500,38.1500,2017,0.0002,18.5330,6.6892,49.7051,3.2555,0.0000,13.0000,1.0000,1.0000,1.0000,18.5326,3.2855
-109.3500,38.1500,2017,0.0000,5.5914,2.8641,13.9306,0.3616,0.0000,0.0000,1.0000,1.0000,1.0000,5.6447,0.3548
-112.0500,38.2500,2020,7.0968,25.4901,20.3591,52.6541,15.7529,13.0000,40.0000,1.0000,1.0000,1.0000,25.3981,15.7150
-111.9500,38.2500,2020,2.1147,16.1992,4.7127,41.7020,7.6533,0.0000,27.0000,1.0000,1.0000,1.0000,16.1302,7.6815
-109.4500,38.2500,2019,0.0044,12.2534,5.0505,25.0602,0.9963,0.0000,3.0000,1.0000,1.0000,1.0000,12.1229,0.9960
-109.3500,38.2500,2019,0.0057,17.7073,8.6815,40.0338,5.4800,0.0000,16.0000,1.0000,1.0000,1.0000,17.4011,5.4282
-112.0500,38.3500,2020,12.9327,40.9557,32.5813,83.4427,17.6161,16.0000,40.0000,1.0000,1.0000,1.0000,40.7938,17.6036
-111.9500,38.3500,2020,2.5830,15.4979,6.7740,38.5519,9.0415,3.0000,27.0000,1.0000,1.0000,1.0000,15.9781,9.1229
-109.4500,38.3500,2017,0.0018,18.8765,9.3254,48.3767,4.7014,0.0000,15.0000,1.0000,1.0000,1.0000,18.8262,4.7538
-109.3500,38.3500,2017,1.0265,18.7923,15.5662,37.7357,11.4459,12.0000,21.0000,1.0000,1.0000,1.0000,19.0012,11.6020
-111.9500,38.4500,2020,3.3067,19.1720,11.8469,45.6809,10.6934,2.0000,35.0000,1.0000,1.0000,1.0000,19.1002,10.7813
-78.0500,38.8500,2019,121.9924,180.0682,203.1792,303.2253,139.1160,160.0000,254.0000,1.0000,1.0000,1.0000,178.6126,138.7889
-76.6500,38.8500,2017,81.8188,132.3270,130.6641,258.4037,118.4191,104.0000,267.0000,1.0000,1.0000,1.0000,132.8834,118.8308
-76.5500,38.8500,2017,64.5534,131.2491,126.2720,267.1178,96.8129,75.0000,234.0000,1.0000,1.0000,1.0000,130.9141,96.7103
-78.2500,38.9500,2019,46.1539,120.0476,123.5655,223.1136,75.0780,68.0000,167.0000,1.0000,1.0000,1.0000,120.6402,75.9042
-78.0500,38.9500,2017,103.3890,221.1668,242.8846,336.7426,162.6398,184.0000,243.0000,1.0000,1.0000,1.0000,219.1126,161.3345
-76.6500,38.9500,2017,82.5873,142.4329,152.3298,258.5579,122.4386,120.0000,255.0000,1.0000,1.0000,1.0000,142.6249,123.0351
-76.5500,38.9500,2017,63.3068,116.7333,98.1782,242.7909,80.4375,28.5000,229.0000,1.0000,1.0000,1.0000,117.6019,81.0775
-96.6500,39.0500,2019,1.4525,22.1616,12.6701,52.5064,5.7916,0.0000,19.0000,1.0000,1.0000,1.0000,22.1868,5.8291
-96.5500,39.0500,2019,0.4173,18.8709,12.2074,39.0824,3.7647,0.0000,8.0000,1.0000,1.0000,1.0000,19.2859,3.8368
-96.4500,39.0500,2019,0.9413,16.9681,9.9765,36.2655,2.7655,0.0000,2.0000,1.0000,1.0000,1.0000,16.9199,2.7221
-96.6500,39.1500,2019,5.0790,38.6625,21.4341,98.5930,21.0929,0.0000,85.0000,1.0000,1.0000,1.0000,38.9506,21.3554
-96.5500,39.1500,2019,3.9593,40.0972,22.2941,102.1026,18.6494,0.0000,78.0000,1.0000,1.0000,1.0000,39.9055,18.3980
-96.4500,39.1500,2019,2.2351,30.1705,12.9841,89.3893,12.4140,0.0000,51.0000,1.0000,1.0000,1.0000,30.4424,12.6607
-78.0500,39.1500,2017,14.1329,77.7356,40.9883,208.1915,32.2210,7.0000,106.0000,1.0000,1.0000,1.0000,77.8946,32.4508
-77.9500,39.1500,2017,7.2253,61.3149,27.1777,184.9966,23.3925,0.0000,92.0000,1.0000,1.0000,1.0000,62.2896,24.4805
-96.6500,39.2500,2019,4.1162,29.7860,17.5975,71.8965,15.4368,0.0000,66.0000,1.0000,1.0000,1.0000,29.9232,15.0857
-96.5500,39.2500,2019,1.8432,29.1879,15.1524,73.6949,9.3775,0.0000,38.0000,1.0000,1.0000,1.0000,28.9827,9.3887
-112.1500,39.9500,2020,2.6735,26.4286,18.4040,60.6733,7.1059,2.0000,22.0000,1.0000,1.0000,1.0000,26.4841,7.1075
-112.0500,39.9500,2020,0.9047,27.7938,22.2568,57.4721,6.0710,5.0000,15.0000,1.0000,1.0000,1.0000,27.7361,6.0693
-105.6500,39.9500,2017,32.2585,73.0982,70.5375,126.4739,34.0633,29.0000,82.0000,1.0000,1.0000,1.0000,73.1551,33.9942
-105.5500,39.9500,2019,89.3132,85.7212,85.2128,135.8185,48.4924,53.0000,75.0000,1.0000,1.0000,1.0000,85.6813,48.5285
-105.4500,39.9500,2017,47.2911,77.3739,75.2665,123.9940,50.7970,55.0000,81.0000,1.0000,1.0000,1.0000,77.3011,50.9211
-112.1500,40.0500,2020,8.6829,37.0993,31.1357,77.1652,9.8837,9.0000,23.0000,1.0000,1.0000,1.0000,36.8822,9.9424
-112.0500,40.0500,2020,0.3471,13.8343,7.1656,35.7366,2.9046,0.0000,10.0000,1.0000,1.0000,1.0000,13.7973,2.8949
-105.6500,40.0500,2017,2.6620,80.9704,66.8232,161.0544,13.1404,0.0000,65.0000,1.0000,1.0000,1.0000,81.0594,13.2607
-105.5500,40.0500,2018,84.9922,65.1889,64.1000,107.0381,44.2435,51.0000,70.0000,1.0000,1.0000,1.0000,65.1508,44.4137
-105.4500,40.0500,2018,56.2467,71.8570,67.7939,120.2876,38.4973,38.0000,70.0000,1.0000,1.0000,1.0000,71.8410,38.4745
-112.5500,40.1500,2017,0.6849,20.4029,17.2414,44.2719,4.5398,0.0000,15.0000,1.0000,1.0000,1.0000,20.1654,4.5243
-112.4500,40.1500,2019,0.0047,3.8603,3.4748,7.0782,0.1909,0.0000,0.0000,1.0000,1.0000,1.0000,3.9046,0.2047
-105.5500,40.1500,2017,90.4316,72.1112,71.0622,116.4731,52.4841,60.0000,77.0000,1.0000,1.0000,1.0000,72.0583,52.5078
-105.4500,40.1500,2017,70.4879,74.5495,69.6607,120.0980,45.8941,47.0000,68.0000,1.0000,1.0000,1.0000,74.5640,45.7496
-112.5500,40.2500,2019,6.0622,33.2266,28.5290,58.0961,9.6950,10.0000,22.0000,1.0000,1.0000,1.0000,32.8976,9.6727
-112.4500,40.2500,2019,0.0109,6.7178,4.8839,15.2654,1.1231,0.0000,3.0000,1.0000,1.0000,1.0000,6.7481,1.1143
-112.1500,40.2500,2020,0.2032,13.8273,8.4179,32.5114,3.9386,0.0000,13.0000,1.0000,1.0000,1.0000,13.8904,3.9723
-105.5500,40.2500,2018,81.2835,76.7799,75.0940,121.5637,48.1188,55.0000,76.0000,1.0000,1.0000,1.0000,76.6924,48.1838
-105.4500,40.2500,2017,49.7549,65.7289,62.1873,113.4772,42.3267,43.0000,75.0000,1.0000,1.0000,1.0000,65.7745,42.2686
-112.1500,40.3500,2020,12.0537,49.0914,34.8038,100.1842,12.0850,10.0000,29.0000,1.0000,1.0000,1.0000,48.7302,12.0374
-105.5500,40.3500,2017,51.2157,62.6143,61.4466,106.1534,32.1644,30.0000,66.0000,1.0000,1.0000,1.0000,62.6142,32.2098
-105.4500,40.3500,2017,65.8069,64.6600,61.9563,107.5224,42.0844,44.0000,72.0000,1.0000,1.0000,1.0000,64.6137,42.1302
-113.7500,41.8500,2020,1.1988,14.6848,12.3797,25.7947,1.5609,0.0000,8.0000,1.0000,1.0000,1.0000,14.6948,1.5864
-113.6500,41.8500,2020,1.9957,15.1797,12.9226,23.3956,2.6172,0.0000,9.0000,1.0000,1.0000,1.0000,15.0607,2.5975
-113.5500,41.8500,2020,4.4499,22.8796,14.8787,41.7281,4.9204,0.0000,17.0000,1.0000,1.0000,1.0000,22.4534,4.8261
-113.7500,41.9500,2020,0.7283,10.5538,7.0855,22.9730,1.7650,0.0000,9.0000,1.0000,1.0000,1.0000,10.8968,1.8272
-113.6500,41.9500,2020,1.6413,14.3446,8.2407,33.5540,3.5066,0.0000,13.0000,1.0000,1.0000,1.0000,14.4577,3.5512
-113.5500,41.9500,2020,5.1469,21.1985,10.7927,50.5220,5.6523,0.0000,17.0000,1.0000,1.0000,1.0000,21.3075,5.6946
-110.6500,44.8500,2018,49.5990,53.3199,41.6692,110.8021,35.7722,32.0000,64.0000,1.0000,1.0000,1.0000,53.2378,35.8228
-110.5500,44.8500,2018,25.5215,56.0647,39.8084,118.4205,27.8146,18.0000,71.0000,1.0000,1.0000,1.0000,56.1859,27.8260
-110.4500,44.8500,2018,53.7156,63.5808,50.4112,137.2763,30.5108,25.0000,74.0000,1.0000,1.0000,1.0000,63.4261,30.5172
-110.3500,44.8500,2018,25.8978,61.9210,39.3783,149.0931,22.6702,15.0000,59.0000,1.0000,1.0000,1.0000,61.9321,22.6417
-110.6500,44.9500,2019,18.6009,42.5585,26.6347,101.7067,12.5298,6.0000,35.0000,1.0000,1.0000,1.0000,42.5099,12.4839
-110.5500,44.9500,2018,6.0923,35.5332,17.0080,101.2273,7.5110,0.0000,23.0000,1.0000,1.0000,1.0000,35.6592,7.4575
-110.4500,44.9500,2019,15.1206,55.8721,38.5887,127.7377,11.2341,0.0000,39.0000,1.0000,1.0000,1.0000,55.8056,11.2121
-110.3500,44.9500,2019,6.4163,43.2425,25.2210,107.7131,8.7554,0.0000,30.0000,1.0000,1.0000,1.0000,43.3677,8.7286
-122.3500,45.7500,2017,129.5126,178.2306,164.0665,342.4112,177.4581,184.0000,307.0000,1.0000,1.0000,1.0000,178.3145,177.2383
-122.2500,45.7500,2017,117.1016,190.2791,194.0493,328.3788,188.7172,198.0000,305.0000,1.0000,1.0000,1.0000,190.3916,188.2097
-122.0500,45.7500,2018,155.4332,229.4307,241.1224,349.1029,226.1023,230.0000,312.0000,1.0000,1.0000,1.0000,230.1027,225.4030
-121.9500,45.7500,2019,211.8318,277.1053,316.6372,381.0637,209.1299,203.0000,324.0000,1.0000,1.0000,1.0000,276.3355,209.2357
-122.3500,45.8500,2017,120.3549,133.8559,117.0982,264.3258,187.3028,198.0000,303.0000,1.0000,1.0000,1.0000,133.9970,186.7865
-122.2500,45.8500,2017,166.3258,204.6872,204.9056,343.7494,229.2959,240.0000,315.0000,1.0000,1.0000,1.0000,204.6964,228.7429
-122.0500,45.8500,2018,174.1948,242.1657,248.8803,366.2369,220.4164,223.0000,309.0000,1.0000,1.0000,1.0000,242.5314,220.3358
-121.9500,45.8500,2018,230.7962,297.2008,331.1732,394.4795,203.2399,202.0000,291.0000,1.0000,1.0000,1.0000,296.8161,202.8637
-121.8500,45.8500,2018,287.5805,307.8953,343.5846,399.7607,201.3663,199.0000,310.0000,1.0000,1.0000,1.0000,307.4826,201.0024
-121.7500,45.8500,2018,243.5901,215.0166,223.8179,384.8661,192.5211,179.0000,301.5000,1.0000,1.0000,1.0000,216.5144,193.1217
-90.1500,45.8500,2019,93.7196,34.2097,18.9834,88.5744,76.9881,71.0000,160.0000,1.0000,1.0000,1.0000,35.1051,78.2136
-89.5500,46.1500,2019,78.9060,53.7867,56.9659,102.3655,111.1467,122.0000,204.0000,1.0000,1.0000,1.0000,53.9272,112.3587
-89.5500,46.2500,2019,92.7808,68.7671,73.8788,117.1894,131.1653,153.0000,198.0000,1.0000,1.0000,1.0000,68.6124,130.6552
17.9500,49.0500,2020,202.3863,121.8565,99.0430,252.7446,126.0981,95.0000,317.0000,1.0000,1.0000,1.0000,122.4642,126.4046
18.5500,49.4500,2020,89.5268,170.0815,176.9967,278.2571,187.6639,204.0000,330.0000,1.0000,1.0000,1.0000,169.7512,187.3026
18.5500,49.5500,2020,120.6223,191.5151,201.5328,288.9573,212.8325,232.0000,311.0000,1.0000,1.0000,1.0000,191.2851,212.0681
4.7500,50.8500,2017,34.5075,73.1627,45.0005,181.1992,45.8105,1.0000,181.0000,1.0000,1.0000,1.0000,74.0468,46.3491
4.7500,51.1500,2018,36.3807,73.2228,47.8168,166.4090,43.2405,11.0000,145.0000,1.0000,1.0000,1.0000,73.1276,43.3238
4.7500,51.2500,2018,41.4078,86.0926,60.2759,183.0057,58.0100,32.0000,158.0000,1.0000,1.0000,1.0000,85.8322,57.6567
4.8500,51.3500,2017,20.8633,65.0662,46.1193,141.2697,43.1091,11.0000,141.0000,1.0000,1.0000,1.0000,65.4385,43.2990
38.1500,55.9500,2017,128.6539,71.8386,53.0697,162.8153,93.0753,89.0000,215.0000,1.0000,1.0000,1.0000,71.5548,93.4211
15.7500,56.2500,2017,116.3584,108.4259,104.8178,196.4153,94.8363,111.0000,133.0000,1.0000,1.0000,1.0000,108.4755,94.9270
-74.4500,56.3500,2018,66.3085,6.1922,4.3526,14.2044,7.0593,0.0000,29.0000,1.0000,1.0000,1.0000,6.1814,7.0826
-74.3500,56.3500,2018,107.3837,7.0748,5.7795,14.7092,9.8473,0.0000,34.0000,1.0000,1.0000,1.0000,7.0800,9.8578
14.0500,56.3500,2017,75.4296,109.9391,100.6276,204.4319,78.3494,85.0000,125.0000,1.0000,1.0000,1.0000,109.5540,78.1213
14.8500,56.3500,2017,78.9992,114.3163,111.1329,205.9828,101.4540,114.0000,145.0000,1.0000,1.0000,1.0000,114.2692,101.6242
12.9500,56.4500,2017,23.9609,45.1104,15.6689,141.8899,19.2335,0.0000,76.0000,1.0000,1.0000,1.0000,44.5528,18.9301
13.4500,56.4500,2017,101.3937,87.5706,78.8271,168.5162,66.8559,67.0000,124.0000,1.0000,1.0000,1.0000,87.3076,66.8813
13.5500,56.4500,2017,25.6508,78.1942,68.7139,152.4163,56.5656,55.0000,112.0000,1.0000,1.0000,1.0000,78.1328,56.4638
15.1500,56.4500,2017,68.8379,85.2556,77.0626,160.5433,81.4686,88.0000,129.0000,1.0000,1.0000,1.0000,85.2694,81.3838
13.3500,56.5500,2017,84.3595,101.3350,93.9243,182.0967,82.4218,87.0000,136.0000,1.0000,1.0000,1.0000,101.0419,82.3577
14.8500,56.5500,2017,64.4601,77.1925,63.6639,157.3000,75.2926,83.0000,121.0000,1.0000,1.0000,1.0000,77.2032,75.0437
13.9500,56.6500,2017,46.4499,65.3145,56.8938,123.7993,56.5289,59.0000,101.0000,1.0000,1.0000,1.0000,65.4839,56.9011
13.6500,56.7500,2017,60.8789,71.9145,64.0980,135.7398,59.7239,61.0000,111.8000,1.0000,1.0000,1.0000,71.7792,59.5625
14.1500,56.7500,2017,54.4173,73.9829,61.8137,147.7914,57.3367,62.0000,103.0000,1.0000,1.0000,1.0000,74.1357,57.3467
15.2500,56.7500,2017,77.4022,70.5965,66.0429,128.7858,65.0523,71.0000,112.1000,1.0000,1.0000,1.0000,70.5801,65.0021
15.4500,56.7500,2017,58.6631,73.8248,67.2426,135.1373,87.2390,98.0000,125.0000,1.0000,1.0000,1.0000,73.7589,87.2798
15.8500,56.7500,2017,85.6472,86.3984,78.0472,163.8002,80.2998,89.0000,127.0000,1.0000,1.0000,1.0000,86.2573,80.2388
14.5500,56.8500,2017,36.8548,61.8492,40.6149,149.1650,46.4025,36.0000,114.0000,1.0000,1.0000,1.0000,62.1813,46.5322
14.6500,56.8500,2017,29.3422,68.9134,56.4850,138.3900,69.9523,78.0000,119.0000,1.0000,1.0000,1.0000,68.8866,69.8165
15.7500,56.8500,2017,71.9744,85.6967,82.5414,146.4000,84.4635,92.0000,123.0000,1.0000,1.0000,1.0000,85.6500,84.3819
16.1500,56.8500,2017,82.6074,87.4034,79.9316,160.8100,92.6996,103.0000,134.0000,1.0000,1.0000,1.0000,87.4084,92.7939
16.3500,56.8500,2017,88.4319,84.1393,78.8570,165.7336,67.8456,73.0000,128.0000,1.0000,1.0000,1.0000,83.9241,67.8092
13.9500,56.9500,2017,78.2082,73.8008,62.1598,146.5683,56.3612,58.0000,111.0000,1.0000,1.0000,1.0000,73.4664,56.1230
14.1500,56.9500,2017,53.3278,74.6928,64.7129,143.8816,69.7069,73.0000,121.0000,1.0000,1.0000,1.0000,74.1867,69.4952
15.5500,56.9500,2017,66.6743,75.0362,72.8266,125.1310,79.4970,85.0000,117.0000,1.0000,1.0000,1.0000,75.0165,79.3725
15.8500,56.9500,2017,102.9515,89.3233,82.1801,165.9534,91.8476,105.0000,130.0000,1.0000,1.0000,1.0000,89.3113,91.9545
12.4500,57.0500,2017,55.1468,67.5962,30.9083,188.1835,40.8226,14.0000,123.0000,1.0000,1.0000,1.0000,66.8235,40.3627
12.8500,57.0500,2017,60.1059,89.3714,76.9028,172.8008,84.7715,86.0000,145.0000,1.0000,1.0000,1.0000,89.8930,84.6822
15.2500,57.0500,2017,93.8909,75.3428,72.2682,130.6169,84.4894,94.0000,123.0000,1.0000,1.0000,1.0000,75.3092,84.5270
14.7500,57.1500,2017,60.2223,89.9342,87.6911,159.3413,100.5343,115.0000,153.0000,1.0000,1.0000,1.0000,89.8654,100.4314
12.8500,57.2500,2017,61.8735,94.8563,86.0742,179.1912,78.7892,81.0000,135.0000,1.0000,1.0000,1.0000,94.8008,78.9397
13.8500,57.2500,2017,82.0496,62.1494,55.7730,129.5254,51.5529,50.0000,110.0000,1.0000,1.0000,1.0000,62.4907,51.8298
13.9500,57.2500,2017,66.2723,45.6623,23.9063,124.6519,36.2347,15.0000,102.0000,1.0000,1.0000,1.0000,45.7437,36.2221
15.4500,57.2500,2017,79.9639,82.9302,77.0708,149.3497,90.1151,104.0000,133.0000,1.0000,1.0000,1.0000,83.0352,89.8723
15.6500,57.2500,2017,83.5107,78.3887,73.9468,144.6197,85.9369,103.0000,132.0000,1.0000,1.0000,1.0000,78.5169,86.2528
16.0500,57.2500,2017,58.4312,86.3286,81.7751,156.2513,83.2712,97.0000,134.0000,1.0000,1.0000,1.0000,86.4838,83.5863
13.3500,57.3500,2017,59.1413,78.6584,70.4137,146.0987,73.1742,74.0000,128.0000,1.0000,1.0000,1.0000,79.1525,73.3657
15.1500,57.3500,2017,82.4617,92.2355,86.6906,166.4936,92.7148,108.0000,141.0000,1.0000,1.0000,1.0000,92.2458,92.8691
15.3500,57.3500,2017,69.8412,83.3447,74.2640,165.5320,73.9935,85.0000,139.0000,1.0000,1.0000,1.0000,83.3198,74.4046
14.8500,57.4500,2017,60.9364,84.7638,70.8125,170.5832,79.3824,85.0000,149.0000,1.0000,1.0000,1.0000,84.7610,79.2867
14.9500,57.4500,2017,96.4614,90.1617,81.8212,176.0447,90.3324,108.0000,150.0000,1.0000,1.0000,1.0000,90.1642,90.6291
16.4500,57.4500,2017,50.3812,81.8529,75.8886,140.3371,95.8155,104.0000,128.0000,1.0000,1.0000,1.0000,81.4330,95.5719
16.6500,57.4500,2017,53.0966,57.0335,56.1837,102.0014,51.7274,59.0000,93.0000,1.0000,1.0000,1.0000,56.8484,51.2832
11.9500,57.5500,2017,67.8923,61.0577,45.9633,144.3238,41.0644,21.0000,105.0000,1.0000,1.0000,1.0000,60.2892,40.9866
14.6500,57.5500,2017,126.0159,85.2253,78.3542,166.3951,92.7436,110.0000,153.0000,1.0000,1.0000,1.0000,85.1721,92.8762
15.5500,57.5500,2017,17.4552,78.7335,73.5814,140.5110,105.3349,122.0000,146.0000,1.0000,1.0000,1.0000,78.8809,105.1354
15.7500,57.5500,2017,123.6929,85.6530,81.9388,147.4133,99.8351,113.0000,141.0000,1.0000,1.0000,1.0000,85.6659,99.7460
15.9500,57.5500,2017,73.9046,82.3157,76.2301,154.3122,88.4425,101.0000,140.0000,1.0000,1.0000,1.0000,82.0624,87.8071
16.3500,57.5500,2017,71.2251,73.5667,70.2701,124.0767,92.3711,103.0000,138.0000,1.0000,1.0000,1.0000,73.9857,92.4938
13.5500,57.6500,2017,98.3495,93.7789,87.9290,171.8359,88.9060,101.0000,142.0000,1.0000,1.0000,1.0000,93.8892,89.0023
14.1500,57.6500,2017,71.7797,71.0648,65.7195,131.3428,64.8046,68.0000,126.0000,1.0000,1.0000,1.0000,71.3447,64.8913
-76.2500,57.7500,2019,120.5068,4.7146,4.1679,9.7391,7.8812,0.0000,40.0000,1.0000,1.0000,1.0000,4.7243,7.8844
-76.1500,57.7500,2019,126.2136,6.2761,5.5102,12.1191,7.6941,0.0000,34.0000,1.0000,1.0000,1.0000,6.2585,7.6280
12.2500,57.7500,2017,62.9425,96.7984,87.9713,189.8845,71.9260,82.0000,135.0000,1.0000,1.0000,1.0000,97.5993,73.4335
14.0500,57.7500,2017,51.4787,61.8006,48.6816,136.5311,56.9447,52.0000,124.0000,1.0000,1.0000,1.0000,62.1142,57.1188
16.3500,57.7500,2017,62.6182,68.6579,63.6620,124.8234,86.1908,98.0000,135.0000,1.0000,1.0000,1.0000,69.0683,86.0490
12.4500,57.8500,2017,77.3348,96.6435,86.8617,199.8215,61.9231,64.0000,133.0000,1.0000,1.0000,1.0000,94.9217,61.1670
13.8500,57.8500,2017,56.4965,75.1998,66.7581,148.3026,67.9078,69.0000,126.0000,1.0000,1.0000,1.0000,75.4242,68.4576
15.5500,57.8500,2017,91.7090,76.6131,74.1290,133.9084,92.1504,107.0000,140.0000,1.0000,1.0000,1.0000,76.8242,92.2477
15.8500,57.8500,2017,77.1781,80.5932,77.6543,151.0386,89.9850,109.5000,149.0000,1.0000,1.0000,1.0000,80.6543,89.8687
15.2500,57.9500,2017,106.7778,77.0972,74.1967,156.3076,76.2238,92.0000,149.0000,1.0000,1.0000,1.0000,76.9733,76.4787
12.8500,58.0500,2017,59.5841,81.3270,58.3885,182.0674,52.3874,37.0000,134.0000,1.0000,1.0000,1.0000,81.1695,52.3395
14.7500,58.0500,2017,105.0022,89.8546,85.6055,174.3559,85.5744,101.0000,149.0000,1.0000,1.0000,1.0000,89.8775,85.4311
13.9500,58.1500,2017,75.4122,74.7862,58.3815,158.8497,61.9944,65.0000,130.0000,1.0000,1.0000,1.0000,75.1079,62.3008
15.4500,58.1500,2017,102.3754,96.4216,93.5254,161.0342,111.3563,126.0000,151.0000,1.0000,1.0000,1.0000,96.5586,111.5029
15.6500,58.1500,2017,54.4186,74.7076,64.6289,162.8613,64.0454,60.0000,144.0000,1.0000,1.0000,1.0000,75.0689,64.3245
16.0500,58.1500,2017,83.1186,94.0619,90.7162,171.4283,99.1122,116.0000,151.0000,1.0000,1.0000,1.0000,93.8658,99.0540
15.1500,58.2500,2017,69.6186,83.0694,79.3698,156.9618,87.2094,111.0000,151.0000,1.0000,1.0000,1.0000,83.0576,87.5785
12.9500,58.3500,2017,17.8243,40.2808,13.8650,127.7806,21.8070,0.0000,100.0000,1.0000,1.0000,1.0000,40.4327,21.9598
-75.5500,58.4500,2019,37.1017,3.5618,3.3484,7.1928,0.4940,0.0000,0.0000,1.0000,1.0000,1.0000,3.5675,0.5073
-75.4500,58.4500,2019,15.5288,4.5003,4.3650,8.2272,0.8293,0.0000,0.0000,1.0000,1.0000,1.0000,4.4977,0.8425
11.9500,58.4500,2017,94.4026,81.2632,74.9269,153.4725,82.7321,91.0000,133.0000,1.0000,1.0000,1.0000,81.8032,82.7781
12.3500,58.4500,2017,81.2867,45.6663,14.7929,131.8278,34.0758,4.0000,108.0000,1.0000,1.0000,1.0000,44.2353,32.9193
13.8500,58.4500,2017,75.3624,87.8945,72.5323,185.2270,69.5912,78.0000,142.0000,1.0000,1.0000,1.0000,87.5132,69.8507
14.0500,58.4500,2017,61.1918,66.6505,50.8408,147.7036,57.4432,54.0000,128.0000,1.0000,1.0000,1.0000,66.5231,57.4864
14.2500,58.4500,2017,43.1516,64.6926,46.0379,151.4359,62.8251,58.0000,140.0000,1.0000,1.0000,1.0000,64.8105,63.0302
15.9500,58.4500,2017,27.4971,55.4254,25.9460,148.9123,32.7640,6.0000,106.6000,1.0000,1.0000,1.0000,55.2678,32.6259
-75.4500,58.5500,2019,13.9569,5.2466,5.1576,8.9831,1.3087,0.0000,0.0000,1.0000,1.0000,1.0000,5.2371,1.3149
13.6500,58.5500,2017,92.9568,89.2927,80.6763,175.9370,91.4599,109.0000,147.0000,1.0000,1.0000,1.0000,88.3680,90.6667
15.8500,58.5500,2017,37.6628,62.1758,38.1053,154.8453,48.9497,29.0000,135.0000,1.0000,1.0000,1.0000,62.0432,48.8789
14.0500,58.6500,2017,41.1867,51.2238,21.0300,141.0468,40.1891,2.0000,120.0000,1.0000,1.0000,1.0000,51.0080,40.1033
14.4500,58.6500,2017,65.5036,84.8157,81.3140,152.5116,90.6075,104.0000,141.0000,1.0000,1.0000,1.0000,84.7675,90.6939
15.2500,58.8500,2017,67.5265,73.1584,66.1580,145.0815,80.1838,96.0000,133.0000,1.0000,1.0000,1.0000,73.1145,80.1716
16.9500,58.8500,2017,62.2689,74.7259,67.6893,155.3075,65.0551,68.0000,131.0000,1.0000,1.0000,1.0000,74.6607,64.9361
12.1500,58.9500,2017,60.7665,92.2762,84.4606,188.8697,78.4832,94.0000,141.0000,1.0000,1.0000,1.0000,90.9354,76.4781
14.6500,58.9500,2017,84.4532,64.4210,57.7466,128.2193,70.5933,78.0000,124.0000,1.0000,1.0000,1.0000,64.4005,70.5793
16.2500,58.9500,2017,77.1721,88.2700,83.2720,170.0750,81.1806,94.0000,140.0000,1.0000,1.0000,1.0000,88.3945,81.7298
11.8500,59.0500,2017,43.7948,66.0476,56.8167,142.8348,56.7095,55.0000,128.0000,1.0000,1.0000,1.0000,67.6059,59.1214
11.9500,59.0500,2017,80.6734,87.8251,81.2196,158.8426,86.7929,97.0000,135.0000,1.0000,1.0000,1.0000,87.2603,86.7492
12.4500,59.0500,2017,67.2102,98.5369,93.0137,192.8930,91.5358,111.0000,148.0000,1.0000,1.0000,1.0000,97.9940,91.4180
15.4500,59.0500,2017,64.0897,65.9783,58.3546,147.8246,81.3293,104.0000,146.0000,1.0000,1.0000,1.0000,66.0118,81.3870
15.6500,59.0500,2017,82.0204,80.9755,72.3685,161.5842,87.9211,103.0000,136.0000,1.0000,1.0000,1.0000,81.2022,88.1997
15.9500,59.0500,2017,97.1883,78.5583,66.4027,170.9318,65.7599,69.0000,135.0000,1.0000,1.0000,1.0000,78.7761,66.0812
16.0500,59.0500,2017,131.8457,72.5826,56.3624,165.5289,61.2875,59.0000,134.0000,1.0000,1.0000,1.0000,72.4805,61.3149
17.3500,59.0500,2017,45.3469,66.8342,57.6116,148.1382,58.3045,49.0000,135.0000,1.0000,1.0000,1.0000,66.8365,59.1935
17.8500,59.0500,2017,84.4124,72.0656,68.7420,143.4070,69.1283,79.0000,132.0000,1.0000,1.0000,1.0000,71.8427,67.8194
17.0500,59.1500,2017,108.2055,84.6061,80.0744,152.4227,87.2423,104.0000,137.0000,1.0000,1.0000,1.0000,84.3979,87.0427
11.8500,59.2500,2017,91.8112,74.7766,68.7861,149.4128,69.8158,84.0000,132.0000,1.0000,1.0000,1.0000,75.4102,69.9240
12.5500,59.2500,2017,73.8596,97.8700,89.7831,185.0045,100.1820,117.0000,149.0000,1.0000,1.0000,1.0000,97.3901,99.5555
14.1500,59.2500,2017,93.9502,78.4475,73.5791,153.3866,74.6462,89.0000,129.0000,1.0000,1.0000,1.0000,78.7429,74.5909
14.7500,59.2500,2017,89.2409,93.1053,91.3006,161.8421,106.6047,122.0000,145.0000,1.0000,1.0000,1.0000,93.0870,106.7828
16.6500,59.2500,2017,56.7378,65.5788,56.9791,134.6373,69.7920,81.0000,127.0000,1.0000,1.0000,1.0000,65.7992,69.9319
12.7500,59.3500,2017,74.0454,85.8318,77.2070,178.4644,84.4520,106.0000,149.0000,1.0000,1.0000,1.0000,85.6503,85.4210
12.9500,59.3500,2017,40.6988,76.4969,68.1131,157.1693,84.9793,99.0000,142.0000,1.0000,1.0000,1.0000,76.5712,86.1752
15.5500,59.3500,2017,67.3474,67.5750,50.2461,158.2482,65.7098,71.0000,137.0000,1.0000,1.0000,1.0000,67.4744,65.8298
15.7500,59.3500,2017,85.8141,72.5922,62.1549,153.9621,75.0149,88.0000,134.0000,1.0000,1.0000,1.0000,72.6856,74.8823
17.3500,59.3500,2017,28.0410,27.5252,5.4336,101.3584,19.5787,0.0000,92.0000,1.0000,1.0000,1.0000,27.6758,19.8755
17.7500,59.3500,2017,50.3149,45.4031,17.9910,128.6835,33.8673,0.0000,115.0000,1.0000,1.0000,1.0000,45.9267,34.0934
17.1500,59.4500,2017,36.6477,49.2478,18.1824,137.9966,38.8808,3.0000,121.0000,1.0000,1.0000,1.0000,48.6512,38.9824
-74.6500,59.5500,2018,8.5339,5.8109,5.9322,9.7866,0.0735,0.0000,0.0000,1.0000,1.0000,1.0000,5.8003,0.0789
-74.5500,59.5500,2018,8.2665,4.5891,4.5010,9.0140,0.0148,0.0000,0.0000,1.0000,1.0000,1.0000,4.5891,0.0162
14.5500,59.5500,2017,93.5689,73.4466,66.1691,142.2233,103.4277,121.0000,147.0000,1.0000,1.0000,1.0000,73.4534,103.3962
15.7500,59.5500,2017,82.3171,71.6156,65.2189,146.7843,77.9031,93.0000,134.0000,1.0000,1.0000,1.0000,71.8659,78.0969
18.1500,59.5500,2017,60.0839,74.7155,66.8167,153.0817,65.6435,73.0000,130.0000,1.0000,1.0000,1.0000,74.9496,66.2834
12.3500,59.6500,2017,71.3035,89.3238,85.2214,159.9633,102.5378,117.0000,141.0000,1.0000,1.0000,1.0000,88.6546,101.8494
15.5500,59.6500,2017,68.6480,72.5159,63.9442,143.8661,84.5641,95.0000,133.0000,1.0000,1.0000,1.0000,72.4501,84.6926
12.5500,59.7500,2017,90.6825,89.0840,83.8324,178.2678,80.3346,101.0000,138.0000,1.0000,1.0000,1.0000,88.6140,81.1479
12.7500,59.7500,2017,96.1673,99.2348,95.2685,176.5836,112.8007,129.0000,160.0000,1.0000,1.0000,1.0000,99.2769,111.9774
14.8500,59.7500,2017,69.9579,82.4693,78.5219,153.7178,103.1234,119.0000,152.4000,1.0000,1.0000,1.0000,82.4836,102.8237
15.0500,59.7500,2017,58.0047,76.0906,69.8489,145.9884,96.9986,111.0000,146.0000,1.0000,1.0000,1.0000,76.1024,97.2531
16.6500,59.7500,2017,42.2257,52.1443,27.3145,137.0763,47.9688,31.0000,122.0000,1.0000,1.0000,1.0000,52.5427,48.4038
18.4500,59.7500,2017,102.0034,82.1996,73.0984,166.5358,80.2109,93.0000,138.0000,1.0000,1.0000,1.0000,81.3408,79.5489
18.5500,59.7500,2017,60.9464,71.7754,58.8750,161.0452,68.8063,77.0000,139.0000,1.0000,1.0000,1.0000,72.6379,70.1972
12.1500,59.8500,2017,78.4877,94.9587,93.4080,168.7656,90.6510,102.0000,140.0000,1.0000,1.0000,1.0000,94.9707,91.6797
12.8500,59.8500,2017,87.6334,95.7703,89.7630,176.1576,112.2657,125.0000,155.0000,1.0000,1.0000,1.0000,95.8025,111.9233
13.7500,59.8500,2017,94.6389,79.3004,73.6552,151.2257,85.7718,100.0000,136.0000,1.0000,1.0000,1.0000,79.2771,85.9348
13.9500,59.8500,2017,23.9733,69.3401,58.2832,139.7196,87.1549,95.0000,138.0000,1.0000,1.0000,1.0000,69.0368,86.9742
14.6500,59.8500,2017,45.4267,67.3129,59.1006,136.5964,84.5394,98.0000,133.0000,1.0000,1.0000,1.0000,67.3445,84.3582
16.2500,59.8500,2017,33.6864,39.2298,20.8476,102.8882,53.1052,42.0000,121.0000,1.0000,1.0000,1.0000,39.8234,53.5089
15.9500,59.9500,2017,67.3992,57.5775,49.1305,133.7835,63.7001,72.0000,131.0000,1.0000,1.0000,1.0000,58.0896,64.2418
17.2500,59.9500,2017,79.3938,73.0068,66.4186,136.8109,84.5970,100.0000,124.0000,1.0000,1.0000,1.0000,72.9387,84.7121
17.4500,59.9500,2017,49.0706,54.0442,44.9486,115.9779,50.6126,42.0000,118.0000,1.0000,1.0000,1.0000,54.3976,50.1114
18.8500,59.9500,2017,54.0896,71.4897,63.7374,147.3357,67.0888,85.0000,114.0000,1.0000,1.0000,1.0000,70.9595,66.6079
-75.6500,60.0500,2021,2.3226,4.8064,4.5422,8.2760,0.0053,0.0000,0.0000,1.0000,1.0000,1.0000,4.8057,0.0054
-75.5500,60.0500,2021,6.1344,5.5575,5.2628,9.4564,0.0190,0.0000,0.0000,1.0000,1.0000,1.0000,5.5488,0.0200
13.2500,60.1500,2017,88.7804,74.1049,67.7729,144.5685,88.5356,102.0000,134.0000,1.0000,1.0000,1.0000,74.3505,88.7080
14.1500,60.1500,2017,56.8030,47.1923,40.4406,93.2925,61.8305,65.0000,110.0000,1.0000,1.0000,1.0000,47.3867,61.9133
15.0500,60.1500,2017,78.0987,67.8524,60.9179,144.4510,78.2266,93.0000,136.0000,1.0000,1.0000,1.0000,67.8122,78.0332
16.7500,60.1500,2017,92.5514,73.0413,61.4909,170.1016,80.0585,99.0000,140.0000,1.0000,1.0000,1.0000,72.4328,79.3343
18.3500,60.1500,2017,89.7740,70.5526,63.4762,135.0220,97.3268,111.0000,133.0000,1.0000,1.0000,1.0000,70.6794,97.2417
12.6500,60.2500,2017,79.5300,74.6162,66.7906,136.1164,99.4065,109.0000,133.0000,1.0000,1.0000,1.0000,74.4086,99.0806
13.5500,60.2500,2017,81.8404,49.9923,43.0941,102.2314,60.0517,59.0000,113.0000,1.0000,1.0000,1.0000,49.8850,60.3098
13.7500,60.2500,2017,45.2551,59.1200,52.6016,112.2292,73.3427,79.0000,121.0000,1.0000,1.0000,1.0000,58.6782,73.2008
14.4500,60.2500,2017,31.2922,53.0220,45.8184,112.1607,66.0462,72.0000,119.0000,1.0000,1.0000,1.0000,52.8941,65.8081
14.6500,60.2500,2017,74.5131,60.7051,52.9869,114.6455,95.4141,110.0000,130.0000,1.0000,1.0000,1.0000,60.7491,95.2813
15.3500,60.2500,2017,98.6642,81.0293,78.2006,142.4088,110.0087,127.0000,149.0000,1.0000,1.0000,1.0000,80.9269,109.7709
15.5500,60.2500,2017,110.9351,71.9956,63.1249,142.6637,89.5729,101.0000,135.0000,1.0000,1.0000,1.0000,72.0955,89.2429
17.5500,60.2500,2017,64.1743,72.2332,63.2134,141.1352,94.4544,107.0000,137.0000,1.0000,1.0000,1.0000,72.7965,93.7050
13.0500,60.3500,2017,84.4972,73.9075,68.1201,138.2285,89.7958,104.0000,128.0000,1.0000,1.0000,1.0000,74.1446,89.9960
14.8500,60.3500,2017,44.8427,66.6539,58.3450,129.2009,92.9455,104.0000,127.0000,1.0000,1.0000,1.0000,66.6685,93.0427
101.9500,60.3500,2019,144.3787,41.3169,44.2753,69.4156,62.4621,53.0000,142.0000,1.0000,1.0000,1.0000,40.7553,61.7713
13.1500,60.5500,2017,41.4103,58.9062,49.8178,118.3750,67.7384,73.0000,111.0000,1.0000,1.0000,1.0000,59.6510,68.6159
13.3500,60.6500,2017,65.8149,41.1228,36.8979,78.0446,65.3118,72.0000,107.0000,1.0000,1.0000,1.0000,41.0869,64.9347
14.2500,60.6500,2017,62.9705,59.3636,52.7386,113.1504,77.1217,88.0000,115.0000,1.0000,1.0000,1.0000,59.2258,77.0056
15.1500,60.6500,2017,65.0792,64.2874,56.1525,132.4079,79.5405,94.0000,127.0000,1.0000,1.0000,1.0000,64.3253,79.4214
15.3500,60.6500,2017,53.3598,70.0688,62.2943,135.2623,97.7776,110.0000,132.0000,1.0000,1.0000,1.0000,70.0758,97.9036
15.9500,60.6500,2017,68.1987,68.6251,64.6323,128.8652,88.8489,101.0000,142.0000,1.0000,1.0000,1.0000,68.6231,89.1269
12.8500,60.7500,2017,58.4869,72.8141,62.4097,141.6221,83.3701,92.0000,117.0000,1.0000,1.0000,1.0000,72.6052,82.9826
13.7500,60.7500,2017,42.0248,46.8412,41.6112,85.9986,72.2432,79.0000,103.0000,1.0000,1.0000,1.0000,46.9702,71.9242
14.6500,60.7500,2017,43.1146,57.3050,51.3146,110.1445,79.7133,87.0000,119.0000,1.0000,1.0000,1.0000,57.3345,79.6847
15.7500,60.7500,2017,58.8250,60.6737,56.1829,108.2106,81.0174,91.0000,132.0000,1.0000,1.0000,1.0000,60.6530,80.8575
16.4500,60.7500,2017,76.7099,68.6479,60.4514,126.7839,108.6561,119.0000,145.0000,1.0000,1.0000,1.0000,68.1610,108.3325
13.3500,61.0500,2017,41.7756,49.9494,42.2746,99.1116,71.2326,77.0000,110.0000,1.0000,1.0000,1.0000,49.4714,70.7934
14.0500,61.0500,2017,28.5518,41.9340,37.7519,80.4763,67.0578,72.0000,111.0000,1.0000,1.0000,1.0000,41.8182,67.1004
14.2500,61.0500,2017,67.4007,59.0566,51.2264,114.4356,74.1542,81.0000,112.0000,1.0000,1.0000,1.0000,58.8453,74.0864
15.9500,61.0500,2017,36.6542,43.4657,34.0936,92.1145,54.0565,54.0000,103.0000,1.0000,1.0000,1.0000,43.3365,53.9628
16.8500,61.0500,2017,86.1352,54.2021,48.5644,110.3251,82.5336,96.0000,126.0000,1.0000,1.0000,1.0000,54.1730,82.7008
14.4500,61.1500,2017,86.1237,55.7501,48.3152,106.1866,76.4631,85.0000,116.0000,1.0000,1.0000,1.0000,55.7247,76.3824
14.6500,61.1500,2017,60.1120,62.6000,55.1352,119.4215,68.0312,77.0000,112.0000,1.0000,1.0000,1.0000,62.5408,67.9586
16.2500,61.1500,2017,72.9245,50.2380,46.4106,97.9794,70.4916,79.0000,118.0000,1.0000,1.0000,1.0000,50.4291,70.8267
16.4500,61.1500,2017,119.9249,57.3928,52.7458,109.0517,82.3777,92.0000,135.0000,1.0000,1.0000,1.0000,57.3243,82.2148
-163.3500,61.2500,2019,14.1129,2.8552,2.7840,5.2569,0.5664,0.0000,2.0000,1.0000,1.0000,1.0000,2.8272,0.5999
-163.2500,61.2500,2018,12.3290,3.9238,3.9454,6.5777,1.7581,0.0000,7.0000,1.0000,1.0000,1.0000,3.9176,1.7649
-75.9500,61.2500,2019,1.7126,5.1159,4.3976,9.2196,0.1613,0.0000,0.0000,1.0000,1.0000,1.0000,5.1086,0.1529
-163.2500,61.3500,2017,36.4109,5.2933,4.8621,9.0136,3.2598,0.0000,12.0000,1.0000,1.0000,1.0000,5.2941,3.3375
-163.0500,61.3500,2019,10.6029,2.2270,1.8922,4.5204,1.2337,0.0000,6.0000,1.0000,1.0000,1.0000,2.2314,1.1964
-75.9500,61.3500,2019,1.0172,5.8052,4.3121,12.8191,0.0575,0.0000,0.0000,1.0000,1.0000,1.0000,5.8000,0.0514
-75.8500,61.3500,2019,0.7623,4.8163,3.9570,10.0661,0.0413,0.0000,0.0000,1.0000,1.0000,1.0000,4.8475,0.0491
14.0500,61.4500,2017,58.1084,41.7987,35.4637,83.5021,73.4038,82.0000,106.0000,1.0000,1.0000,1.0000,41.8303,73.3066
13.0500,61.5500,2017,35.3900,28.2203,22.8063,59.7610,58.2134,62.0000,94.0000,1.0000,1.0000,1.0000,28.1694,58.3106
15.1500,61.5500,2017,48.4026,44.8437,37.9927,91.3373,64.6622,71.0000,107.0000,1.0000,1.0000,1.0000,44.8623,64.5059
15.3500,61.5500,2017,50.7556,43.7111,39.7538,84.2517,65.8285,69.0000,116.0000,1.0000,1.0000,1.0000,43.7062,65.9681
16.1500,61.5500,2017,47.8990,47.1931,39.3539,98.0101,78.0774,85.0000,121.0000,1.0000,1.0000,1.0000,47.1947,77.6650
17.0500,61.5500,2017,48.4425,49.3566,43.1124,100.2560,77.0686,90.0000,124.0000,1.0000,1.0000,1.0000,49.0883,76.4298
16.6500,61.6500,2017,94.9944,75.2543,70.4603,134.6470,105.8377,117.0000,132.0000,1.0000,1.0000,1.0000,74.8985,105.3271
12.5500,61.8500,2017,21.9112,23.9747,21.6468,44.6476,38.4116,35.0000,73.0000,1.0000,1.0000,1.0000,24.1727,38.5274
13.9500,61.8500,2017,68.7450,22.7025,19.4101,43.0926,42.1444,42.0000,72.0000,1.0000,1.0000,1.0000,22.6730,42.2076
13.0500,61.9500,2017,40.6977,21.5576,18.0199,43.6499,46.0158,44.0000,82.0000,1.0000,1.0000,1.0000,21.8167,46.1722
15.9500,61.9500,2017,31.4666,39.8225,34.0997,92.3802,54.0298,56.0000,113.0000,1.0000,1.0000,1.0000,39.6895,53.6872
-74.4500,62.0500,2019,1.8879,9.2007,7.9619,16.7678,0.6625,0.0000,0.0000,1.0000,1.0000,1.0000,9.2973,0.6589
-74.2500,62.0500,2019,1.1130,11.3378,7.0358,27.4636,1.5697,0.0000,2.0000,1.0000,1.0000,1.0000,11.2987,1.5158
15.1500,62.0500,2017,54.8042,43.6602,37.4634,89.2277,54.8752,54.0000,103.0000,1.0000,1.0000,1.0000,43.7152,54.8336
15.5500,62.0500,2017,69.2967,48.4409,42.4632,93.4658,75.8708,89.0000,113.0000,1.0000,1.0000,1.0000,48.3818,75.9349
16.3500,62.0500,2017,104.7160,59.7757,52.8843,116.2451,92.9239,106.0000,126.0000,1.0000,1.0000,1.0000,59.6205,92.4897
16.4500,62.0500,2017,41.9936,54.4375,46.2186,115.1215,86.5342,100.0000,125.0000,1.0000,1.0000,1.0000,54.5336,86.4769
17.4500,62.0500,2017,30.8899,23.0247,8.9919,58.9678,32.1701,4.5000,89.0000,1.0000,1.0000,1.0000,22.9692,31.7757
-74.3500,62.1500,2019,0.5928,6.2469,5.4735,11.5855,0.8206,0.0000,0.0000,1.0000,1.0000,1.0000,6.2431,0.8193
13.7500,62.1500,2017,31.1290,35.4253,26.3103,77.2651,54.2668,57.0000,99.0000,1.0000,1.0000,1.0000,35.4130,54.1892
-77.9500,62.3500,2021,0.0611,7.9101,6.9116,15.0552,0.3768,0.0000,0.0000,1.0000,1.0000,1.0000,7.8029,0.3556
-77.8500,62.3500,2021,0.0317,9.1820,7.9760,16.0229,0.0303,0.0000,0.0000,1.0000,1.0000,1.0000,9.0586,0.0325
16.1500,62.3500,2017,106.9119,52.3819,43.1234,114.1276,78.4834,91.0000,122.0000,1.0000,1.0000,1.0000,52.0001,78.3467
-77.9500,62.4500,2021,0.0000,1.4846,0.5144,2.8128,0.3212,0.0000,0.0000,1.0000,1.0000,1.0000,1.6175,0.3197
-77.8500,62.4500,2021,0.0096,4.3328,0.8750,13.7327,0.4654,0.0000,0.0000,1.0000,1.0000,1.0000,4.3554,0.4376
15.1500,62.5500,2017,88.6163,43.5659,35.5322,90.5439,69.5092,75.0000,107.0000,1.0000,1.0000,1.0000,43.5795,69.6048
17.0500,62.5500,2017,68.0712,71.2709,62.1991,142.6426,79.1735,90.0000,120.0000,1.0000,1.0000,1.0000,71.1906,78.9392
15.6500,62.6500,2017,83.0126,61.4981,54.8417,119.6193,86.9700,98.0000,119.0000,1.0000,1.0000,1.0000,61.3274,87.0962
-138.9500,62.7500,2019,40.1311,15.1941,11.3609,31.1776,30.7030,19.0000,80.0000,1.0000,1.0000,1.0000,15.2010,30.5568
14.4500,62.7500,2017,45.2939,43.0389,35.0406,91.9528,57.9603,62.0000,100.0000,1.0000,1.0000,1.0000,43.0661,57.9844
15.8500,62.7500,2017,69.5576,41.3867,36.7772,83.9749,72.6526,81.0000,118.0000,1.0000,1.0000,1.0000,41.5070,72.5626
16.1500,62.7500,2017,74.4541,60.7202,55.5493,122.4990,83.2484,97.0000,128.0000,1.0000,1.0000,1.0000,60.7540,83.2755
14.8500,62.8500,2017,66.1204,39.7043,34.3794,83.1716,60.0828,65.0000,106.0000,1.0000,1.0000,1.0000,39.7103,60.0450
16.6500,62.8500,2017,50.1385,83.9140,74.4309,171.2124,80.3162,91.0000,130.0000,1.0000,1.0000,1.0000,83.1049,80.8164
16.8500,62.8500,2017,75.6355,57.0529,52.7942,113.0026,69.9646,75.0000,122.0000,1.0000,1.0000,1.0000,56.3759,69.9230
15.1500,62.9500,2017,56.1272,53.6308,45.6662,116.7182,58.9095,65.0000,109.0000,1.0000,1.0000,1.0000,53.6645,59.0456
17.3500,62.9500,2017,96.3317,56.7916,49.4008,111.9936,77.3968,82.0000,125.0000,1.0000,1.0000,1.0000,56.9685,77.1466
-139.0500,63.0500,2019,89.6777,32.1809,24.7201,66.0694,67.2794,52.0000,159.0000,1.0000,1.0000,1.0000,32.0872,67.0930
17.6500,63.0500,2017,41.2715,67.7413,61.8166,134.3335,76.2294,91.0000,114.0000,1.0000,1.0000,1.0000,68.1171,76.8709
15.6500,63.1500,2017,69.9694,47.0065,38.8275,102.5549,66.2578,78.0000,112.0000,1.0000,1.0000,1.0000,46.7302,66.0222
17.8500,63.1500,2017,87.2222,59.5389,56.0688,109.9452,81.5442,92.0000,115.0000,1.0000,1.0000,1.0000,60.0268,81.9231
15.8500,63.2500,2017,70.5203,55.7552,49.7661,106.5511,89.2670,98.0000,134.0000,1.0000,1.0000,1.0000,55.9382,89.3716
14.8500,63.3500,2017,54.8354,50.1176,38.1703,114.7439,58.8044,60.0000,112.0000,1.0000,1.0000,1.0000,50.0499,58.5503
16.8500,63.3500,2017,34.4172,52.1163,44.7454,111.1152,76.9562,87.0000,114.0000,1.0000,1.0000,1.0000,52.2624,76.7812
18.8500,63.3500,2017,44.9714,46.2064,39.0053,96.9368,62.9296,72.0000,104.0000,1.0000,1.0000,1.0000,46.3039,63.0915
13.6500,63.5500,2017,50.8861,28.6514,22.2345,64.3226,51.8879,54.0000,96.0000,1.0000,1.0000,1.0000,28.7374,52.3259
15.6500,63.5500,2017,90.0575,39.3156,31.3969,86.9348,57.9063,59.0000,106.0000,1.0000,1.0000,1.0000,39.5203,57.9560
14.1500,63.6500,2017,68.1447,28.7968,21.9304,64.4558,64.3116,71.0000,106.0000,1.0000,1.0000,1.0000,28.7610,64.3356
15.8500,63.6500,2017,90.8487,50.2172,43.4072,103.5959,77.5656,86.0000,117.0000,1.0000,1.0000,1.0000,50.2113,77.3403
18.1500,63.6500,2017,52.3664,46.9971,39.9379,95.2266,71.6080,79.0000,112.0000,1.0000,1.0000,1.0000,46.4612,71.1052
-145.8500,63.7500,2017,0.7658,17.4472,10.4918,45.5148,52.6104,49.0000,117.0000,1.0000,1.0000,1.0000,17.7886,52.8737
-145.7500,63.7500,2017,2.4598,11.6352,8.4247,24.0531,32.3954,27.0000,81.0000,1.0000,1.0000,1.0000,11.5351,32.1724
-145.6500,63.7500,2018,2.6942,16.3411,9.9525,37.8889,34.1936,21.0000,92.0000,1.0000,1.0000,1.0000,16.2162,33.9533
-140.7500,63.7500,2018,5.3512,15.4941,12.3651,30.2813,22.2693,18.0000,54.0000,1.0000,1.0000,1.0000,15.4875,22.2549
14.8500,63.7500,2017,70.8564,31.3626,23.8187,72.2401,61.1091,71.0000,103.0000,1.0000,1.0000,1.0000,31.3654,61.0423
16.6500,63.7500,2017,72.9921,47.7754,43.3011,92.9908,69.8659,77.0000,113.0000,1.0000,1.0000,1.0000,48.1458,69.8740
16.8500,63.7500,2017,49.4478,37.6476,21.4824,104.3345,46.4662,40.0000,110.0000,1.0000,1.0000,1.0000,38.3994,47.3543
-149.3500,63.8500,2017,0.4970,8.5841,4.7172,21.2223,22.4851,9.0000,68.0000,1.0000,1.0000,1.0000,8.6973,22.5141
-149.2500,63.8500,2018,0.9654,7.7286,5.5675,16.9503,10.5842,0.0000,47.0000,1.0000,1.0000,1.0000,7.6326,10.7221
-149.1500,63.8500,2019,5.6183,11.8889,7.3579,29.4599,31.3940,19.0000,89.5000,1.0000,1.0000,1.0000,12.0137,31.6372
-145.8500,63.8500,2017,7.8351,11.7380,7.0043,30.5040,46.7849,43.0000,90.0000,1.0000,1.0000,1.0000,11.7915,46.8661
-145.7500,63.8500,2017,3.6275,10.0951,7.2845,21.9821,37.0386,34.0000,74.0000,1.0000,1.0000,1.0000,9.9994,36.9464
-145.6500,63.8500,2018,4.2703,8.7331,5.4520,19.3569,39.9823,34.0000,78.0000,1.0000,1.0000,1.0000,8.8028,39.8750
-138.9500,63.8500,2019,162.6428,32.0595,27.5106,59.6459,56.2604,46.0000,121.0000,1.0000,1.0000,1.0000,32.3082,56.7713
15.3500,63.8500,2017,48.0855,32.4464,20.7877,85.6354,60.6561,68.0000,107.0000,1.0000,1.0000,1.0000,32.4912,60.6135
-149.3500,63.9500,2019,2.0901,11.0452,7.9217,25.0927,12.9902,0.0000,54.0000,1.0000,1.0000,1.0000,11.4513,13.4048
-149.2500,63.9500,2018,1.0536,10.8268,7.9712,20.7722,20.9316,0.0000,80.0000,1.0000,1.0000,1.0000,10.9843,20.9355
-149.1500,63.9500,2019,22.1573,25.8299,20.6810,56.6048,63.3505,66.0000,108.0000,1.0000,1.0000,1.0000,25.7741,63.3583
-145.8500,63.9500,2018,11.4493,18.7435,9.1854,53.6587,55.0261,26.0000,159.0000,1.0000,1.0000,1.0000,18.8757,54.7480
-145.7500,63.9500,2018,2.5763,9.7187,3.8898,29.5360,33.4558,15.0000,108.0000,1.0000,1.0000,1.0000,9.7238,33.5581
-145.6500,63.9500,2018,15.1917,21.5606,14.4812,53.9749,55.0083,46.0000,124.0000,1.0000,1.0000,1.0000,21.1966,54.3611
-143.6500,63.9500,2018,73.6294,12.1953,10.7758,20.3437,25.5505,22.0000,55.0000,1.0000,1.0000,1.0000,12.2285,25.2978
-140.7500,63.9500,2018,33.8173,23.2574,18.8674,44.6527,34.9731,33.0000,73.0000,1.0000,1.0000,1.0000,23.2916,35.0753
-140.6500,63.9500,2019,24.7931,26.3690,23.7129,45.2597,40.0015,40.0000,79.0000,1.0000,1.0000,1.0000,26.3814,40.1684
15.6500,63.9500,2017,49.5248,35.6532,29.7805,75.2622,73.4652,83.0000,109.0000,1.0000,1.0000,1.0000,35.5130,73.4842
-140.9500,64.0500,2018,10.2329,23.0319,19.5815,43.0233,26.6868,23.0000,62.0000,1.0000,1.0000,1.0000,23.0299,26.5742
15.6500,64.0500,2017,37.2387,41.8338,36.7120,87.0611,67.1383,76.0000,109.0000,1.0000,1.0000,1.0000,41.7882,67.3979
19.9500,64.0500,2017,53.3204,41.0739,32.4620,92.9157,58.5948,65.0000,105.0000,1.0000,1.0000,1.0000,41.0814,58.9617
20.2500,64.0500,2017,37.7575,28.7710,23.6046,61.4174,66.4093,74.0000,107.0000,1.0000,1.0000,1.0000,28.8444,66.2148
-141.2500,64.1500,2018,20.0301,31.7059,24.6172,64.9218,59.7617,60.0000,100.0000,1.0000,1.0000,1.0000,31.6706,59.8438
-140.8500,64.1500,2019,71.1180,20.0072,15.6703,40.2342,29.3474,23.0000,71.0000,1.0000,1.0000,1.0000,20.0261,29.2591
-140.3500,64.1500,2019,55.4056,21.4414,17.7701,39.6303,49.7547,48.0000,94.0000,1.0000,1.0000,1.0000,21.5637,49.7789
16.1500,64.1500,2017,57.6371,42.1646,36.0410,88.4352,74.8828,85.0000,118.0000,1.0000,1.0000,1.0000,41.8299,74.6271
-143.5500,64.2500,2018,6.2290,12.0945,10.0994,21.2817,15.4079,8.0000,45.0000,1.0000,1.0000,1.0000,12.2794,15.6398
16.4500,64.2500,2017,73.5244,41.6058,35.4029,88.3202,66.3130,75.0000,104.0000,1.0000,1.0000,1.0000,40.8379,65.5106
17.7500,64.2500,2017,47.6823,28.0065,24.5334,56.1297,52.8402,57.0000,90.0000,1.0000,1.0000,1.0000,27.8287,52.7992
18.5500,64.2500,2017,35.2904,28.0613,22.6459,61.0753,58.4077,60.0000,97.0000,1.0000,1.0000,1.0000,27.9494,58.1527
19.2500,64.2500,2017,57.5151,44.5428,39.5573,92.0559,71.2304,84.0000,111.0000,1.0000,1.0000,1.0000,44.0152,70.8744
18.3500,64.3500,2017,64.8524,27.1520,19.2771,65.0641,55.5703,62.0000,92.0000,1.0000,1.0000,1.0000,26.9126,55.5144
19.7500,64.3500,2017,47.8545,32.7820,26.2923,76.0965,54.6765,58.0000,107.0000,1.0000,1.0000,1.0000,32.9477,54.9725
15.6500,64.4500,2017,23.1611,24.5466,18.4335,56.7547,52.7189,55.0000,97.0000,1.0000,1.0000,1.0000,24.4228,52.3515
-141.2500,64.5500,2018,17.6949,15.7276,11.0757,34.3384,23.4364,16.0000,62.0000,1.0000,1.0000,1.0000,15.6914,23.3711
-139.9500,64.5500,2019,51.2363,66.9148,64.6648,111.2255,64.4201,66.0000,133.0000,1.0000,1.0000,1.0000,66.7420,63.9751
20.5500,64.5500,2017,85.3705,39.2656,32.4968,85.8169,69.0795,78.0000,109.0000,1.0000,1.0000,1.0000,39.3138,69.2057
21.1500,64.5500,2017,66.6503,44.2405,39.4117,86.0794,91.1265,101.0000,111.0000,1.0000,1.0000,1.0000,44.2510,91.0032
-144.4500,64.6500,2019,46.4116,35.1659,32.9254,60.4547,34.2780,32.0000,82.0000,1.0000,1.0000,1.0000,34.7283,33.3846
-144.2500,64.6500,2018,6.9632,38.9087,32.7668,72.6409,18.8055,0.0000,71.0000,1.0000,1.0000,1.0000,38.6167,18.8084
-143.8500,64.6500,2018,60.3440,12.6496,10.1249,24.5974,21.4963,18.0000,53.0000,1.0000,1.0000,1.0000,13.2873,21.8715
-144.0500,64.7500,2018,10.4394,33.3598,28.2653,67.6382,9.0226,0.0000,39.0000,1.0000,1.0000,1.0000,33.8886,8.8997
-142.3500,64.7500,2018,55.9247,17.9887,14.2356,34.6351,25.6089,21.0000,63.0000,1.0000,1.0000,1.0000,17.8638,25.4145
-138.8500,64.7500,2019,1.3967,28.2849,26.5761,56.4218,1.9624,0.0000,3.0000,1.0000,1.0000,1.0000,28.1396,1.8957
15.1500,64.7500,2017,79.5733,35.3941,27.9989,77.9414,57.4860,64.0000,99.0000,1.0000,1.0000,1.0000,35.3881,57.5339
17.9500,64.7500,2017,29.2833,20.2582,14.5194,47.0415,40.3445,36.0000,80.0000,1.0000,1.0000,1.0000,20.6645,41.2494
20.1500,64.9500,2017,45.3477,28.0623,22.5357,61.5112,61.2702,68.0000,96.0000,1.0000,1.0000,1.0000,28.0777,61.1008
20.3500,64.9500,2017,46.6922,32.7276,26.2483,71.6159,68.9841,79.0000,102.0000,1.0000,1.0000,1.0000,32.7455,68.9872
-147.5500,65.0500,2019,271.5911,38.4621,36.8797,66.9675,81.3104,75.0000,153.0000,1.0000,1.0000,1.0000,38.4832,81.3479
-144.1500,65.0500,2018,15.5117,12.6590,11.4038,21.6963,6.9506,0.0000,24.0000,1.0000,1.0000,1.0000,13.0936,7.6112
17.0500,65.0500,2017,22.8039,20.3416,14.3109,47.9026,52.7028,56.0000,84.0000,1.0000,1.0000,1.0000,20.7153,52.3473
-148.0500,65.1500,2018,40.5423,31.3527,30.0305,60.1238,86.6370,86.0000,145.0000,1.0000,1.0000,1.0000,31.3952,86.6675
-147.6500,65.1500,2017,33.2398,35.6061,34.3352,59.8819,86.0486,78.0000,152.0000,1.0000,1.0000,1.0000,35.5585,86.1661
-147.5500,65.1500,2017,53.5918,35.3697,35.2291,60.1858,93.2457,93.0000,157.0000,1.0000,1.0000,1.0000,35.3689,93.3528
-147.4500,65.1500,2018,30.0881,25.4995,17.7381,56.8060,73.5075,69.0000,138.0000,1.0000,1.0000,1.0000,25.5281,73.6306
-147.3500,65.1500,2019,18.2359,23.7417,17.7474,52.4358,56.1414,42.0000,130.0000,1.0000,1.0000,1.0000,23.7493,56.2946
-147.6500,65.2500,2019,8.7516,11.4550,6.8469,29.9039,22.3382,8.0000,71.0000,1.0000,1.0000,1.0000,11.5857,22.3585
-147.5500,65.2500,2019,12.9867,16.7087,10.9455,41.4138,36.4049,21.0000,94.0000,1.0000,1.0000,1.0000,16.7558,36.3881
-147.4500,65.2500,2018,23.7812,20.0584,10.5587,54.9285,49.4228,29.0000,128.0000,1.0000,1.0000,1.0000,20.0437,49.4004
-147.3500,65.2500,2017,7.4687,15.9087,12.0837,33.7215,38.5415,28.0000,91.0000,1.0000,1.0000,1.0000,15.9497,38.2905
-146.6500,65.3500,2018,47.1556,13.0844,11.7336,23.8211,17.2762,10.0000,49.0000,1.0000,1.0000,1.0000,13.0825,17.3145
-146.5500,65.3500,2018,20.0971,13.6453,11.5671,25.1540,7.6505,0.0000,29.0000,1.0000,1.0000,1.0000,13.6761,7.6873
-145.9500,65.3500,2018,134.9466,12.9280,11.3201,22.8006,23.2413,19.0000,55.0000,1.0000,1.0000,1.0000,12.9676,23.2120
-145.4500,65.3500,2018,12.6652,14.8838,12.4959,28.4262,21.7820,16.0000,54.0000,1.0000,1.0000,1.0000,14.7936,21.5620
20.1500,65.3500,2017,26.5279,20.1334,14.8513,44.6272,49.2861,50.0000,85.0000,1.0000,1.0000,1.0000,20.0497,49.2962
20.4500,65.3500,2017,58.2883,14.9578,10.8816,34.5822,56.8450,60.0000,94.0000,1.0000,1.0000,1.0000,14.9716,56.8842
-145.9500,65.4500,2019,62.0206,18.8294,15.3969,32.8793,15.2503,5.0000,45.0000,1.0000,1.0000,1.0000,18.8945,15.0675
18.7500,65.4500,2017,26.0535,18.9072,15.6410,39.6215,50.6868,52.0000,86.0000,1.0000,1.0000,1.0000,19.0939,51.4132
20.7500,65.4500,2017,21.2382,27.1060,20.8013,62.3997,59.0127,65.0000,98.0000,1.0000,1.0000,1.0000,27.0634,59.0625
21.2500,65.4500,2017,50.1283,33.7502,26.3212,77.7612,61.6784,67.0000,108.0000,1.0000,1.0000,1.0000,33.7092,61.5916
-147.2500,65.5500,2019,49.0573,22.2942,18.7046,43.3279,24.8963,11.0000,70.0000,1.0000,1.0000,1.0000,22.3124,25.1224
-147.1500,65.5500,2019,12.1267,33.3331,29.1241,61.8121,26.2814,5.0000,80.0000,1.0000,1.0000,1.0000,33.3089,26.1561
18.6500,65.5500,2017,23.0369,13.9223,8.4020,33.5855,36.6111,32.0000,82.0000,1.0000,1.0000,1.0000,14.2994,36.6029
20.0500,65.5500,2017,24.8103,24.6161,19.8913,53.0254,53.1167,57.0000,93.0000,1.0000,1.0000,1.0000,24.5811,53.1105
21.5500,65.5500,2017,57.0362,43.5509,37.0946,91.7203,90.1334,104.0000,128.0000,1.0000,1.0000,1.0000,43.3508,90.0235
22.1500,65.6500,2017,45.3507,34.0043,27.8660,73.7583,68.0544,84.0000,110.0000,1.0000,1.0000,1.0000,33.9963,68.0936
-137.7500,65.7500,2019,97.4961,11.6184,9.3982,22.9942,15.8473,10.0000,35.0000,1.0000,1.0000,1.0000,11.6145,16.0765
17.6500,65.8500,2017,31.6449,14.5084,9.4626,36.3790,36.0931,29.0000,83.0000,1.0000,1.0000,1.0000,15.0093,37.0239
20.2500,65.8500,2017,47.5554,18.7063,15.0567,39.7746,58.3635,64.0000,90.0000,1.0000,1.0000,1.0000,18.7253,58.4100
19.6500,65.9500,2017,40.0603,25.7272,20.8249,55.0101,60.4389,68.0000,94.0000,1.0000,1.0000,1.0000,25.6085,60.7768
20.8500,65.9500,2017,36.0090,28.7685,24.9476,60.4505,76.2145,88.0000,102.0000,1.0000,1.0000,1.0000,28.7685,76.4213
21.6500,66.0500,2017,53.1382,35.8812,28.4149,78.2370,82.7159,96.0000,109.0000,1.0000,1.0000,1.0000,35.9009,82.6558
23.1500,66.2500,2017,38.5268,25.6276,20.0187,58.4245,65.2085,79.0000,96.0000,1.0000,1.0000,1.0000,25.4651,65.0492
19.3500,66.3500,2017,33.5378,14.1895,13.4138,28.1829,38.9618,43.0000,74.0000,1.0000,1.0000,1.0000,14.2308,39.0624
21.4500,66.4500,2017,45.4666,15.7417,9.9888,38.9883,52.6219,57.0000,87.0000,1.0000,1.0000,1.0000,15.8042,52.5464
22.6500,66.6500,2017,42.0391,22.2246,17.8910,50.4031,56.7732,66.0000,96.0000,1.0000,1.0000,1.0000,22.4943,57.1910
21.1500,66.7500,2017,70.8538,14.0667,10.8539,31.7961,38.1722,38.0000,72.0000,1.0000,1.0000,1.0000,14.0597,38.1021
22.4500,66.9500,2017,45.1280,15.7547,9.0125,39.9567,55.6360,60.0000,94.0000,1.0000,1.0000,1.0000,15.5043,55.3284
79.2500,66.9500,2017,50.9199,8.7103,8.7317,10.9948,0.4331,0.0000,0.0000,1.0000,1.0000,1.0000,8.7138,0.4363
-136.2500,67.0500,2019,1.6249,13.4452,5.8337,38.9622,1.7401,0.0000,0.0000,1.0000,1.0000,1.0000,13.3267,1.7203
78.9500,67.0500,2018,15.7207,6.5331,6.4991,8.8379,0.0156,0.0000,0.0000,1.0000,1.0000,1.0000,6.5766,0.0176
79.1500,67.0500,2017,42.4452,8.1205,8.1410,10.3800,0.5482,0.0000,0.0000,1.0000,1.0000,1.0000,8.1034,0.5442
79.2500,67.0500,2017,27.2528,8.2473,8.3450,10.6002,0.6288,0.0000,0.0000,1.0000,1.0000,1.0000,8.2406,0.6146
22.9500,67.5500,2017,38.0832,9.8796,7.7626,21.8668,34.6314,30.0000,73.0000,1.0000,1.0000,1.0000,9.8700,34.7542
23.3500,67.9500,2017,16.3858,10.9068,8.4648,24.8581,38.5486,37.0000,72.0000,1.0000,1.0000,1.0000,10.9212,38.1793
18.8500,68.2500,2017,8.7227,32.3223,23.3077,67.7161,0.4618,0.0000,0.0000,1.0000,1.0000,1.0000,32.2689,0.4189
22.8500,68.2500,2017,21.8927,11.2595,10.2560,24.0406,30.8738,30.0000,59.0000,1.0000,1.0000,1.0000,11.0138,30.4877
18.8500,68.3500,2017,63.4979,7.6701,6.6094,12.8383,7.8100,0.0000,25.0000,1.0000,1.0000,1.0000,7.6451,7.8241
18.1500,68.4500,2017,40.1982,16.8086,12.6340,33.8206,0.1688,0.0000,0.0000,1.0000,1.0000,1.0000,17.0996,0.1372
18.2500,68.4500,2017,47.7705,14.0875,8.5785,29.2420,0.1963,0.0000,0.0000,1.0000,1.0000,1.0000,14.1172,0.2218
22.0500,68.5500,2022,193.1549,5.0280,4.5888,9.3651,9.6938,10.0000,22.0000,1.0000,1.0000,1.0000,5.0493,9.5666
-139.0500,68.6500,2019,7.8772,9.4937,6.2173,20.3045,4.5244,0.0000,15.0000,1.0000,1.0000,1.0000,9.4438,4.4796
-140.7500,68.7500,2019,0.4576,21.6456,11.2138,57.3582,2.0343,0.0000,0.0000,1.0000,1.0000,1.0000,21.6307,2.0473
-137.4500,68.7500,2019,10.3226,3.1119,2.0554,6.6834,5.1706,0.0000,9.0000,1.0000,1.0000,1.0000,3.0551,5.0296
-137.3500,68.8500,2019,6.1067,2.9406,2.6261,5.4449,1.0652,0.0000,0.0000,1.0000,1.0000,1.0000,2.9222,0.9931
21.2500,68.8500,2022,156.3033,6.9395,5.5804,14.0981,8.6688,0.0000,28.0000,1.0000,1.0000,1.0000,6.9295,8.6215
23.8500,68.8500,2021,10.4719,3.4718,2.9365,7.0365,0.4084,0.0000,0.0000,1.0000,1.0000,1.0000,3.4459,0.3748
23.9500,68.8500,2021,15.2841,3.5761,3.1983,6.9370,0.6128,0.0000,0.0000,1.0000,1.0000,1.0000,3.5741,0.5968
-139.6500,69.0500,2019,0.5389,32.0843,27.9166,60.8347,2.1191,0.0000,0.0000,1.0000,1.0000,1.0000,32.3015,2.3071
20.7500,69.0500,2017,49.8915,9.5228,5.5452,20.8403,2.3125,0.0000,0.0000,1.0000,1.0000,1.0000,9.5935,2.3409
-140.1500,69.1500,2019,20.4437,25.3106,19.2034,54.3269,15.8842,0.0000,53.0000,1.0000,1.0000,1.0000,25.3117,15.8162
20.7500,69.1500,2022,42.9207,10.6147,7.9629,22.2964,1.0144,0.0000,0.0000,1.0000,1.0000,1.0000,10.6353,1.0044
-140.9500,69.4500,2019,9.8355,26.1659,16.5359,62.3990,2.8306,0.0000,6.0000,1.0000,1.0000,1.0000,26.1323,2.7820
-140.7500,69.4500,2019,5.3629,19.4267,10.6393,50.4867,2.9158,0.0000,13.0000,1.0000,1.0000,1.0000,19.4312,2.8399
25.9500,69.4500,2022,206.2027,12.3105,10.6675,21.9599,22.7958,22.0000,54.0000,1.0000,1.0000,1.0000,12.3199,22.4754
27.2500,69.6500,2022,171.1494,5.1008,4.0566,10.7888,5.6013,0.0000,26.0000,1.0000,1.0000,1.0000,5.1032,5.5960
26.2500,69.7500,2022,23.2693,13.2769,9.7122,29.4256,8.4160,0.0000,36.0000,1.0000,1.0000,1.0000,13.2634,8.3291
27.0500,69.7500,2022,445.5718,15.7315,11.9064,33.5105,23.2447,22.0000,52.0000,1.0000,1.0000,1.0000,15.7342,23.3903
27.1500,69.7500,2022,1.5792,6.0599,5.1356,11.6614,0.6969,0.0000,0.0000,1.0000,1.0000,1.0000,6.0628,0.7025
27.0500,69.8500,2022,37.1199,12.2674,7.3386,30.0964,12.8936,0.0000,44.0000,1.0000,1.0000,1.0000,12.2585,12.7953
27.5500,70.0500,2022,202.1530,10.3401,8.3951,20.7215,11.6338,0.0000,36.0000,1.0000,1.0000,1.0000,10.3622,11.6426
27.8500,70.0500,2022,11.1291,5.1807,3.4149,11.3424,3.1152,0.0000,12.0000,1.0000,1.0000,1.0000,5.1918,3.1168
-80.0500,73.1500,2019,42.3291,11.8202,9.9586,17.3153,0.1088,0.0000,0.0000,1.0000,1.0000,1.0000,11.8787,0.0920
-79.9500,73.1500,2018,89.2142,13.2722,10.4249,20.1764,0.1349,0.0000,0.0000,1.0000,1.0000,1.0000,13.3905,0.1170
-79.8500,73.1500,2018,56.1696,18.4749,10.6403,36.6820,0.0296,0.0000,0.0000,1.0000,1.0000,1.0000,18.4950,0.0279
